/*
SQLyog Ultimate v11.11 (64 bit)
MySQL - 5.5.5-10.1.10-MariaDB : Database - free_ykan
*********************************************************************
*/

/*!40101 SET NAMES utf8 */;

/*!40101 SET SQL_MODE=''*/;

/*!40014 SET @OLD_UNIQUE_CHECKS=@@UNIQUE_CHECKS, UNIQUE_CHECKS=0 */;
/*!40014 SET @OLD_FOREIGN_KEY_CHECKS=@@FOREIGN_KEY_CHECKS, FOREIGN_KEY_CHECKS=0 */;
/*!40101 SET @OLD_SQL_MODE=@@SQL_MODE, SQL_MODE='NO_AUTO_VALUE_ON_ZERO' */;
/*!40111 SET @OLD_SQL_NOTES=@@SQL_NOTES, SQL_NOTES=0 */;
CREATE DATABASE /*!32312 IF NOT EXISTS*/`free_ykan` /*!40100 DEFAULT CHARACTER SET utf8 */;

USE `free_ykan`;

/*Table structure for table `captcha` */

DROP TABLE IF EXISTS `captcha`;

CREATE TABLE `captcha` (
  `captcha_id` int(11) unsigned NOT NULL AUTO_INCREMENT,
  `captcha_time` int(10) unsigned NOT NULL,
  `ip_address` varchar(16) NOT NULL DEFAULT '0',
  `word` varchar(20) NOT NULL,
  PRIMARY KEY (`captcha_id`),
  KEY `word` (`word`)
) ENGINE=InnoDB AUTO_INCREMENT=341 DEFAULT CHARSET=utf8;

/*Data for the table `captcha` */

insert  into `captcha`(`captcha_id`,`captcha_time`,`ip_address`,`word`) values (337,1483715572,'127.0.0.1','154907'),(338,1483715601,'127.0.0.1','174238'),(339,1483715611,'127.0.0.1','396412'),(340,1483744736,'127.0.0.1','825340');

/*Table structure for table `category` */

DROP TABLE IF EXISTS `category`;

CREATE TABLE `category` (
  `category_id` int(11) unsigned NOT NULL AUTO_INCREMENT,
  `slug` varchar(255) NOT NULL,
  `is_featured` enum('featured','unfeatured') NOT NULL DEFAULT 'unfeatured',
  `cover` varchar(255) NOT NULL,
  `ordered` int(11) unsigned NOT NULL DEFAULT '0',
  `published` enum('publish','unpublish') NOT NULL DEFAULT 'publish',
  `created` datetime NOT NULL,
  `updated` timestamp NOT NULL DEFAULT CURRENT_TIMESTAMP ON UPDATE CURRENT_TIMESTAMP,
  `created_by` int(11) unsigned NOT NULL,
  `updated_by` int(11) unsigned NOT NULL,
  `ip` varchar(39) NOT NULL,
  PRIMARY KEY (`category_id`)
) ENGINE=InnoDB AUTO_INCREMENT=3 DEFAULT CHARSET=utf8;

/*Data for the table `category` */

insert  into `category`(`category_id`,`slug`,`is_featured`,`cover`,`ordered`,`published`,`created`,`updated`,`created_by`,`updated_by`,`ip`) values (1,'sayasigap-darat','featured','sayasigap-darat.jpg',2,'publish','2017-01-05 21:08:00','2017-01-06 19:37:57',1,1,'127.0.0.1'),(2,'sayasigap-laut','featured','sayasigap-laut.jpg',1,'publish','2017-01-05 21:08:00','2017-01-05 22:08:43',1,1,'');

/*Table structure for table `category_translation` */

DROP TABLE IF EXISTS `category_translation`;

CREATE TABLE `category_translation` (
  `translate_id` int(11) unsigned NOT NULL AUTO_INCREMENT,
  `category_id` int(11) unsigned NOT NULL,
  `language_slug` varchar(2) NOT NULL,
  `title` varchar(255) NOT NULL,
  `description` text NOT NULL,
  `meta_title` varchar(100) DEFAULT NULL,
  `meta_description` varchar(170) DEFAULT NULL,
  `meta_keyword` varchar(255) DEFAULT NULL,
  PRIMARY KEY (`translate_id`)
) ENGINE=InnoDB AUTO_INCREMENT=5 DEFAULT CHARSET=utf8;

/*Data for the table `category_translation` */

insert  into `category_translation`(`translate_id`,`category_id`,`language_slug`,`title`,`description`,`meta_title`,`meta_description`,`meta_keyword`) values (1,1,'en','#sayaSIGAP Darat','<p>Lorem Ipsum is simply dummy text of the printing and typesetting industry. Lorem Ipsum has been the industry\'s standard dummy text ever since the 1500s, when an unknown printer took a galley of type and scrambled it to make a type specimen book. It has survived not only five centuries, but also the leap into electronic typesetting, remaining essentially unchanged. It was popularised in the 1960s with the release of Letraset sheets containing Lorem Ipsum passages, and more recently with desktop publishing software like Aldus PageMaker including versions of Lorem Ipsum.</p>','#sayaSIGAP Darat','#sayaSIGAP Darat','#sayaSIGAP Darat'),(2,1,'id','#sayaSIGAP Darat','<p>Lorem Ipsum is simply dummy text of the printing and typesetting industry. Lorem Ipsum has been the industry\'s standard dummy text ever since the 1500s, when an unknown printer took a galley of type and scrambled it to make a type specimen book. It has survived not only five centuries, but also the leap into electronic typesetting, remaining essentially unchanged. It was popularised in the 1960s with the release of Letraset sheets containing Lorem Ipsum passages, and more recently with desktop publishing software like Aldus PageMaker including versions of Lorem Ipsum.</p>','#sayaSIGAP Darat','#sayaSIGAP Darat','#sayaSIGAP Darat'),(3,2,'en','#sayaSIGAP Laut','Lorem Ipsum is simply dummy text of the printing and typesetting industry. Lorem Ipsum has been the industry\'s standard dummy text ever since the 1500s, when an unknown printer took a galley of type and scrambled it to make a type specimen book. It has survived not only five centuries, but also the leap into electronic typesetting, remaining essentially unchanged. It was popularised in the 1960s with the release of Letraset sheets containing Lorem Ipsum passages, and more recently with desktop publishing software like Aldus PageMaker including versions of Lorem Ipsum.','#sayaSIGAP Laut','#sayaSIGAP Laut','#sayaSIGAP Laut'),(4,2,'id','#sayaSIGAP Laut','Lorem Ipsum is simply dummy text of the printing and typesetting industry. Lorem Ipsum has been the industry\'s standard dummy text ever since the 1500s, when an unknown printer took a galley of type and scrambled it to make a type specimen book. It has survived not only five centuries, but also the leap into electronic typesetting, remaining essentially unchanged. It was popularised in the 1960s with the release of Letraset sheets containing Lorem Ipsum passages, and more recently with desktop publishing software like Aldus PageMaker including versions of Lorem Ipsum.','#sayaSIGAP Laut','#sayaSIGAP Laut','#sayaSIGAP Laut');

/*Table structure for table `content` */

DROP TABLE IF EXISTS `content`;

CREATE TABLE `content` (
  `content_id` int(11) unsigned NOT NULL AUTO_INCREMENT,
  `content_type` varchar(50) NOT NULL,
  `category_id` int(11) unsigned DEFAULT '0',
  `slug` varchar(255) NOT NULL,
  `is_featured` enum('featured','unfeatured') NOT NULL DEFAULT 'unfeatured',
  `cover` varchar(250) NOT NULL,
  `video` varchar(250) DEFAULT NULL,
  `published` enum('publish','unpublish') NOT NULL DEFAULT 'publish',
  `geography_id` int(11) unsigned DEFAULT NULL,
  `location_id` int(11) unsigned DEFAULT NULL,
  `viewed` int(11) unsigned NOT NULL DEFAULT '0',
  `created` datetime NOT NULL,
  `updated` timestamp NOT NULL DEFAULT CURRENT_TIMESTAMP ON UPDATE CURRENT_TIMESTAMP,
  `created_by` int(11) unsigned NOT NULL,
  `updated_by` int(11) unsigned NOT NULL,
  `ip` varchar(39) NOT NULL,
  PRIMARY KEY (`content_id`)
) ENGINE=InnoDB AUTO_INCREMENT=7 DEFAULT CHARSET=utf8;

/*Data for the table `content` */

insert  into `content`(`content_id`,`content_type`,`category_id`,`slug`,`is_featured`,`cover`,`video`,`published`,`geography_id`,`location_id`,`viewed`,`created`,`updated`,`created_by`,`updated_by`,`ip`) values (1,'program',1,'bentang-darat','featured','105e7a844ac896f68e6f7dc0a9389d3e9be95abc.jpg','','publish',1,1,1,'2016-09-19 08:34:12','2017-01-07 09:31:02',1,1,'127.0.0.1'),(2,'program',2,'bentang-laut','featured','342659895ee4498f55e83edf3b8fc5c5.jpg','','unpublish',1,2,0,'2016-09-19 17:16:14','2017-01-06 21:21:24',1,1,'182.253.177.16'),(3,'program',2,'bentang-laut-2','featured','e59ffaccd5b20c3bbb0090add8876084.jpg','','publish',1,1,3,'2016-09-19 17:35:39','2017-01-07 08:49:41',1,1,'182.253.177.16'),(4,'article',0,'komunitas','featured','a274f406a9c2977644085e963b6c5430.jpg','','publish',0,0,2,'2016-09-19 17:52:50','2017-01-06 22:48:11',1,1,'127.0.0.1'),(5,'stories',0,'stories-contoh','featured','e59ffaccd5b20c3bbb0090add8876084.jpg','','publish',0,0,6,'2016-09-19 17:35:39','2017-01-07 05:55:57',1,1,'182.253.177.16'),(6,'article',1,'artikel-contoh','featured','105e7a844ac896f68e6f7dc0a9389d3e9be95abc.jpg','','publish',1,1,1,'2016-09-19 08:34:12','2017-01-07 09:25:23',1,1,'127.0.0.1');

/*Table structure for table `content_translation` */

DROP TABLE IF EXISTS `content_translation`;

CREATE TABLE `content_translation` (
  `translate_id` int(11) unsigned NOT NULL AUTO_INCREMENT,
  `content_id` int(11) unsigned NOT NULL,
  `language_slug` varchar(2) NOT NULL,
  `title` varchar(255) NOT NULL,
  `description` longtext NOT NULL,
  `teaser` mediumtext,
  `meta_title` varchar(100) DEFAULT NULL,
  `meta_description` varchar(170) DEFAULT NULL,
  `meta_keyword` varchar(255) DEFAULT NULL,
  PRIMARY KEY (`translate_id`)
) ENGINE=InnoDB AUTO_INCREMENT=13 DEFAULT CHARSET=utf8;

/*Data for the table `content_translation` */

insert  into `content_translation`(`translate_id`,`content_id`,`language_slug`,`title`,`description`,`teaser`,`meta_title`,`meta_description`,`meta_keyword`) values (1,1,'en','Bentang Darat','<p>13 juta hektar hutan hilang setiap tahun akibat deforestasi. Sebagian besar akibat pembalakan liar. 30 persen lebih kayu gelondongan dan kayu lapis yang diperdagangkan di seluruh dunia patut dicurigai asalnya. Sebagian hutan lainnya dibuka untuk menjadi lahan pertanian dan aktivitas pembangunan lainnya.</p>\r\n<p>Hutan yang tersisa telah terfragmentasi sehingga kemampuannya sebagai penopang hidupan liar dan penyedia air bersih bagi manusia telah berkurang. Deforestasi juga menyumbang 20 hingga 25 persen dari seluruh polusi karbon yang menyebabkan perubahan iklim global dan berkontribusi pada pemiskinan masyarakat yang sangat tergantung pada hutan. </p>\r\n<p>TNC Program Indonesia bekerja pada semua tingkatan untuk terus mendorong upaya pelestarian hutan. Dari Taman Nasional Lore Lindu, tempat dimana kami membantu menciptakan dan menerapkan kurikulum konservasi, hingga pemerintah – dimana para ilmuwan kami membantu menggalang dukungan bagi prakarsa percepatan perubahan, TNC menyusun kerangka kerja baru untuk konservasi hutan.</p>\r\n<p>Strategi program teresterial TNC Program Indonesia untuk melindungi hutan tempat kita bergantung adalah:</p>\r\n<ul>\r\n<li>Tata kelola sumberdaya alam berbasis komunitas: memperkuat keterlibatan masyarakat dalam tata kelola sumberdaya alam yang berkelanjutan sekaligus meningkatkan taraf hidup mereka.</li>\r\n<li>Pemanfaatan sumberdaya oleh perusahaan secara berkelanjutan: mendukung upaya-upaya pemanfaatan sumberdaya alam secara berkelanjutan, terutama oleh industri HPH dan perkebunan kelapa sawit. </li>\r\n<li>Tata kelola lahan konservasi: membangun contoh dan pendekatan untuk tata kelola kawasan yang dilindungi, terutama hutan lindung dan ekosistem yang penting. </li>\r\n<li>Konservasi spesies terancam punah: mendukung upaya konservasi spesies yang terancam punah, terutama orangutan, melalui penelitian ilmiah, kebijakan, dan tata kelola yang baik. </li>\r\n<li>Inisiatif yuridiksi hutan dan iklim: menampilkan pendekatan yurisdiksi dalam pembangunan hijau di tingkat kabupaten. </li>\r\n</ul>\r\n<p>Karena berbagai faktor dan ancaman terus membahayakan hutan dunia, TNC mengambil tindakan sekarang untuk melindungi hutan tempat kita bergantung. Ketahui apa yang bisa kita lakukan untuk melindungi hutan dengan bergabung sekarang.</p>','13 juta hektar hutan hilang setiap tahun akibat deforestasi. Sebagian besar akibat pembalakan liar. 30 persen lebih kayu gelondongan dan kayu lapis yang diperdagangkan di seluruh dunia patut dicurigai asalnya.','','',''),(2,1,'id','Bentang Darat','<p>13 juta hektar hutan hilang setiap tahun akibat deforestasi. Sebagian besar akibat pembalakan liar. 30 persen lebih kayu gelondongan dan kayu lapis yang diperdagangkan di seluruh dunia patut dicurigai asalnya. Sebagian hutan lainnya dibuka untuk menjadi lahan pertanian dan aktivitas pembangunan lainnya.</p>\r\n<p>Hutan yang tersisa telah terfragmentasi sehingga kemampuannya sebagai penopang hidupan liar dan penyedia air bersih bagi manusia telah berkurang. Deforestasi juga menyumbang 20 hingga 25 persen dari seluruh polusi karbon yang menyebabkan perubahan iklim global dan berkontribusi pada pemiskinan masyarakat yang sangat tergantung pada hutan. </p>\r\n<p>TNC Program Indonesia bekerja pada semua tingkatan untuk terus mendorong upaya pelestarian hutan. Dari Taman Nasional Lore Lindu, tempat dimana kami membantu menciptakan dan menerapkan kurikulum konservasi, hingga pemerintah – dimana para ilmuwan kami membantu menggalang dukungan bagi prakarsa percepatan perubahan, TNC menyusun kerangka kerja baru untuk konservasi hutan.</p>\r\n<p>Strategi program teresterial TNC Program Indonesia untuk melindungi hutan tempat kita bergantung adalah:</p>\r\n<ul>\r\n<li>Tata kelola sumberdaya alam berbasis komunitas: memperkuat keterlibatan masyarakat dalam tata kelola sumberdaya alam yang berkelanjutan sekaligus meningkatkan taraf hidup mereka.</li>\r\n<li>Pemanfaatan sumberdaya oleh perusahaan secara berkelanjutan: mendukung upaya-upaya pemanfaatan sumberdaya alam secara berkelanjutan, terutama oleh industri HPH dan perkebunan kelapa sawit. </li>\r\n<li>Tata kelola lahan konservasi: membangun contoh dan pendekatan untuk tata kelola kawasan yang dilindungi, terutama hutan lindung dan ekosistem yang penting. </li>\r\n<li>Konservasi spesies terancam punah: mendukung upaya konservasi spesies yang terancam punah, terutama orangutan, melalui penelitian ilmiah, kebijakan, dan tata kelola yang baik. </li>\r\n<li>Inisiatif yuridiksi hutan dan iklim: menampilkan pendekatan yurisdiksi dalam pembangunan hijau di tingkat kabupaten. </li>\r\n</ul>\r\n<p>Karena berbagai faktor dan ancaman terus membahayakan hutan dunia, TNC mengambil tindakan sekarang untuk melindungi hutan tempat kita bergantung. Ketahui apa yang bisa kita lakukan untuk melindungi hutan dengan bergabung sekarang.</p>','13 juta hektar hutan hilang setiap tahun akibat deforestasi. Sebagian besar akibat pembalakan liar. 30 persen lebih kayu gelondongan dan kayu lapis yang diperdagangkan di seluruh dunia patut dicurigai asalnya.','','',''),(3,2,'en','Bentang Laut','<p>Hampir 95% terumbu karang di Indonesia – dan Asia Tenggara pada umumnya – terancam oleh penangkapan ikan berlebihan dan merusak, polusi dari daratan, dan pembangunan pesisir. Kenaikan permukaan air laut dan peningkatan intensitas badai telah menyebabkan erosi parah dan banjir yang mengakibatkan kerugian harta benda. Pemanasan suhu dan pengasaman air laut telah mengakibatkan kematian karang, menambahkan risiko pada terumbu karang dan perikanan pesisir yang telah terancam.</p>\n<p>Sebagai negara kepulauan terbesar di dunia, laut beserta isinya merupakan sumberdaya alam yang sangat penting bagi Indonesia. Ekosistem laut tidak hanya mendukung ekonomi lokal, tetapi juga memberikan perlindungan bagi masyarakat pesisir dengan meredam energi gelombang saat badai dan merupakan area untuk berkembang bagi ikan serta kehidupan laut lainnya. </p>\n<p>TNC bermitra dengan pemerintah, pihak swasta, akademisi dan masyarakat dari berbagai tingkatan untuk memastikan bahwa sumberdaya alam laut Indonesia dapat terkelola dengan baik demi kesejahteraan masyarakat saat ini maupun mendatang. Kami mendorong perbaikan tata kelola, kebijakan dan pemanfaatan sumberdaya laut pada berbagai tingkatan, dari tingkat tapak hingga nasional, menyeimbangkan pembangunan dan kebutuhan konservasi. </p>\n<p>Di tingkat internasional, kami mendukung komitmen antar negara untuk bekerjasama mengelola sumeberdaya laut secara lestari melalui Inisiatif Segitiga Terumbu Karang. </p>\n<p>Strategi program kelautan Indonesia untuk mewujudkan pengelolaan sumberdaya alam laut secara lestari adalah:</p>\n<ul>\n<li>Perlindungan sumberdaya alam laut: mendorong perlindungan dan pemulihan terumbu karang, hutan bakau, padang lamun dan habitat alami lainnya melalui pembentukan dan pengelolaan kawasan konservasi perairan laut secara efektif;</li>\n<li>Pemanfaatan sumberdaya laut secara berkelanjutan: mendorong pariwisata dan perikanan masyarakat yang bernilai ekonomis, bertanggung jawab secara sosial dan ramah lingkungan;</li>\n<li>Pengembangan tata ruang laut: menggunakan pendekatan ilmiah dan partisipatif, untuk menyelaraskan pemanfaatan ruang laut dengan memperhatikan kebutuhan pembangunan sosio-ekonomi, kepentingan konservasi dan adaptasi terhadap perubahan iklim; dan</li>\n<li>Pengembangan wilayah pesisir yang tangguh: memanfaatkan ekosistem laut dan pesisir, untuk mengurangi kerentanan masyarakat terhadap dampak perubahan iklim. </li>\n</ul>\n<p>Bergabunglah bersama kami dalam melindungi berbagai hal yang disediakan oleh laut dan dalam mengembangkan strategi berbasis keilmuan untuk membantu memastikan kesehatan dan produktivitas laut.</p>','Hampir 95% terumbu karang di Indonesia – dan Asia Tenggara pada umumnya – terancam oleh penangkapan ikan berlebihan dan merusak, polusi dari daratan, dan pembangunan pesisir.',NULL,NULL,NULL),(4,2,'id','Bentang Laut','<p>Hampir 95% terumbu karang di Indonesia – dan Asia Tenggara pada umumnya – terancam oleh penangkapan ikan berlebihan dan merusak, polusi dari daratan, dan pembangunan pesisir. Kenaikan permukaan air laut dan peningkatan intensitas badai telah menyebabkan erosi parah dan banjir yang mengakibatkan kerugian harta benda. Pemanasan suhu dan pengasaman air laut telah mengakibatkan kematian karang, menambahkan risiko pada terumbu karang dan perikanan pesisir yang telah terancam.</p>\n<p>Sebagai negara kepulauan terbesar di dunia, laut beserta isinya merupakan sumberdaya alam yang sangat penting bagi Indonesia. Ekosistem laut tidak hanya mendukung ekonomi lokal, tetapi juga memberikan perlindungan bagi masyarakat pesisir dengan meredam energi gelombang saat badai dan merupakan area untuk berkembang bagi ikan serta kehidupan laut lainnya. </p>\n<p>TNC bermitra dengan pemerintah, pihak swasta, akademisi dan masyarakat dari berbagai tingkatan untuk memastikan bahwa sumberdaya alam laut Indonesia dapat terkelola dengan baik demi kesejahteraan masyarakat saat ini maupun mendatang. Kami mendorong perbaikan tata kelola, kebijakan dan pemanfaatan sumberdaya laut pada berbagai tingkatan, dari tingkat tapak hingga nasional, menyeimbangkan pembangunan dan kebutuhan konservasi. </p>\n<p>Di tingkat internasional, kami mendukung komitmen antar negara untuk bekerjasama mengelola sumeberdaya laut secara lestari melalui Inisiatif Segitiga Terumbu Karang. </p>\n<p>Strategi program kelautan Indonesia untuk mewujudkan pengelolaan sumberdaya alam laut secara lestari adalah:</p>\n<ul>\n<li>Perlindungan sumberdaya alam laut: mendorong perlindungan dan pemulihan terumbu karang, hutan bakau, padang lamun dan habitat alami lainnya melalui pembentukan dan pengelolaan kawasan konservasi perairan laut secara efektif;</li>\n<li>Pemanfaatan sumberdaya laut secara berkelanjutan: mendorong pariwisata dan perikanan masyarakat yang bernilai ekonomis, bertanggung jawab secara sosial dan ramah lingkungan;</li>\n<li>Pengembangan tata ruang laut: menggunakan pendekatan ilmiah dan partisipatif, untuk menyelaraskan pemanfaatan ruang laut dengan memperhatikan kebutuhan pembangunan sosio-ekonomi, kepentingan konservasi dan adaptasi terhadap perubahan iklim; dan</li>\n<li>Pengembangan wilayah pesisir yang tangguh: memanfaatkan ekosistem laut dan pesisir, untuk mengurangi kerentanan masyarakat terhadap dampak perubahan iklim. </li>\n</ul>\n<p>Bergabunglah bersama kami dalam melindungi berbagai hal yang disediakan oleh laut dan dalam mengembangkan strategi berbasis keilmuan untuk membantu memastikan kesehatan dan produktivitas laut.</p>','Hampir 95% terumbu karang di Indonesia – dan Asia Tenggara pada umumnya – terancam oleh penangkapan ikan berlebihan dan merusak, polusi dari daratan, dan pembangunan pesisir.',NULL,NULL,NULL),(5,3,'en','Bentang Laut','<div>\n<p>Hampir 95% terumbu karang di Indonesia – dan Asia Tenggara pada umumnya – terancam oleh penangkapan ikan berlebihan dan merusak, polusi dari daratan, dan pembangunan pesisir. Kenaikan permukaan air laut dan peningkatan intensitas badai telah menyebabkan erosi parah dan banjir yang mengakibatkan kerugian harta benda. Pemanasan suhu dan pengasaman air laut telah mengakibatkan kematian karang, menambahkan risiko pada terumbu karang dan perikanan pesisir yang telah terancam.</p>\n<p>Sebagai negara kepulauan terbesar di dunia, laut beserta isinya merupakan sumberdaya alam yang sangat penting bagi Indonesia. Ekosistem laut tidak hanya mendukung ekonomi lokal, tetapi juga memberikan perlindungan bagi masyarakat pesisir dengan meredam energi gelombang saat badai dan merupakan area untuk berkembang bagi ikan serta kehidupan laut lainnya.</p>\n<p>TNC bermitra dengan pemerintah, pihak swasta, akademisi dan masyarakat dari berbagai tingkatan untuk memastikan bahwa sumberdaya alam laut Indonesia dapat terkelola dengan baik demi kesejahteraan masyarakat saat ini maupun mendatang. Kami mendorong perbaikan tata kelola, kebijakan dan pemanfaatan sumberdaya laut pada berbagai tingkatan, dari tingkat tapak hingga nasional, menyeimbangkan pembangunan dan kebutuhan konservasi.</p>\n<p>Di tingkat internasional, kami mendukung komitmen antar negara untuk bekerjasama mengelola sumeberdaya laut secara lestari melalui Inisiatif Segitiga Terumbu Karang.</p>\n<p>Strategi program kelautan Indonesia untuk mewujudkan pengelolaan sumberdaya alam laut secara lestari adalah:</p>\n<ul>\n<li>Perlindungan sumberdaya alam laut: mendorong perlindungan dan pemulihan terumbu karang, hutan bakau, padang lamun dan habitat alami lainnya melalui pembentukan dan pengelolaan kawasan konservasi perairan laut secara efekti</li>\n<li>Pemanfaatan sumberdaya laut secara berkelanjutan: mendorong pariwisata dan perikanan masyarakat yang bernilai ekonomis, bertanggung jawab secara sosial dan ramah lingkungan</li>\n<li>Pengembangan tata ruang laut: menggunakan pendekatan ilmiah dan partisipatif, untuk menyelaraskan pemanfaatan ruang laut dengan memperhatikan kebutuhan pembangunan sosio-ekonomi, kepentingan konservasi dan adaptasi terhadap perubahan iklim</li>\n<li>Pengembangan wilayah pesisir yang tangguh: memanfaatkan ekosistem laut dan pesisir, untuk mengurangi kerentanan masyarakat terhadap dampak perubahan iklim.</li>\n</ul>\n<p>Bergabunglah bersama kami dalam melindungi berbagai hal yang disediakan oleh laut dan dalam mengembangkan strategi berbasis keilmuan untuk membantu memastikan kesehatan dan produktivitas laut.</p>\n</div>','Hampir 95% terumbu karang di Indonesia dan Asia Tenggara pada umumnya terancam oleh penangkapan ikan berlebihan dan merusak, polusi dari daratan, dan pembangunan pesisir.',NULL,NULL,NULL),(6,3,'id','Bentang Laut','<div>\n<p>Hampir 95% terumbu karang di Indonesia – dan Asia Tenggara pada umumnya – terancam oleh penangkapan ikan berlebihan dan merusak, polusi dari daratan, dan pembangunan pesisir. Kenaikan permukaan air laut dan peningkatan intensitas badai telah menyebabkan erosi parah dan banjir yang mengakibatkan kerugian harta benda. Pemanasan suhu dan pengasaman air laut telah mengakibatkan kematian karang, menambahkan risiko pada terumbu karang dan perikanan pesisir yang telah terancam.</p>\n<p>Sebagai negara kepulauan terbesar di dunia, laut beserta isinya merupakan sumberdaya alam yang sangat penting bagi Indonesia. Ekosistem laut tidak hanya mendukung ekonomi lokal, tetapi juga memberikan perlindungan bagi masyarakat pesisir dengan meredam energi gelombang saat badai dan merupakan area untuk berkembang bagi ikan serta kehidupan laut lainnya.</p>\n<p>TNC bermitra dengan pemerintah, pihak swasta, akademisi dan masyarakat dari berbagai tingkatan untuk memastikan bahwa sumberdaya alam laut Indonesia dapat terkelola dengan baik demi kesejahteraan masyarakat saat ini maupun mendatang. Kami mendorong perbaikan tata kelola, kebijakan dan pemanfaatan sumberdaya laut pada berbagai tingkatan, dari tingkat tapak hingga nasional, menyeimbangkan pembangunan dan kebutuhan konservasi.</p>\n<p>Di tingkat internasional, kami mendukung komitmen antar negara untuk bekerjasama mengelola sumeberdaya laut secara lestari melalui Inisiatif Segitiga Terumbu Karang.</p>\n<p>Strategi program kelautan Indonesia untuk mewujudkan pengelolaan sumberdaya alam laut secara lestari adalah:</p>\n<ul>\n<li>Perlindungan sumberdaya alam laut: mendorong perlindungan dan pemulihan terumbu karang, hutan bakau, padang lamun dan habitat alami lainnya melalui pembentukan dan pengelolaan kawasan konservasi perairan laut secara efekti</li>\n<li>Pemanfaatan sumberdaya laut secara berkelanjutan: mendorong pariwisata dan perikanan masyarakat yang bernilai ekonomis, bertanggung jawab secara sosial dan ramah lingkungan</li>\n<li>Pengembangan tata ruang laut: menggunakan pendekatan ilmiah dan partisipatif, untuk menyelaraskan pemanfaatan ruang laut dengan memperhatikan kebutuhan pembangunan sosio-ekonomi, kepentingan konservasi dan adaptasi terhadap perubahan iklim</li>\n<li>Pengembangan wilayah pesisir yang tangguh: memanfaatkan ekosistem laut dan pesisir, untuk mengurangi kerentanan masyarakat terhadap dampak perubahan iklim.</li>\n</ul>\n<p>Bergabunglah bersama kami dalam melindungi berbagai hal yang disediakan oleh laut dan dalam mengembangkan strategi berbasis keilmuan untuk membantu memastikan kesehatan dan produktivitas laut.</p>\n</div>','Hampir 95% terumbu karang di Indonesia dan Asia Tenggara pada umumnya terancam oleh penangkapan ikan berlebihan dan merusak, polusi dari daratan, dan pembangunan pesisir.',NULL,NULL,NULL),(7,4,'en','Community','<div>\r\n<p>Masyarakat yang tinggal di dalam dan sekitar wilayah yang kaya akan sumberdaya alam di Indonesia menghadapi pilihan tentang mata pencaharian dan nasib wilayah sumberdaya alam mereka. Bagi sebagian besar masyarakat, hutan adalah sumber mata pencaharian dan identitas mereka. Namun, model pembangunan pada umumnya adalah mengubah hutan alam menjadi lahan penggunaan lain. Situasi yang serupa juga dapat kita jumpai di daerah pesisir.</p>\r\n<p>TNC mengakui fakta bahwa kesuksesan konservasi di Indonesia harus bermanfaat bagi masyarakat yang terkena dampak. Keterlibatan dan pemberdayaan masyarakat, termasuk mengikutsertakan kearifan lokal adalah pusat dari seluruh kerja konservasi kami serta elemen utama kesuksesan kami selama decade terakhir. Kami juga memahami kebutuhan dan tantangan luar biasa untuk meningkatkan kerja-kerja berbasis masyarakat untuk mencapai tujuan konservasi dan pembangunan yang bermakna.</p>\r\n<p>Untuk mendukung masyarakat menghadapi tantangan ini, TNC mengembangkan kerangka keterlibatan masyarakat terpadu, Aksi Inspirasi Warga untuk Perubahan (SIGAP) yang disusun berdasarkan aspirasi masyarakat bagi masa depan dan visi wilayahnya. Kerangka ini akah melibatkan masyarakat dalam perencanaan, membuat dan mempengaruhi keputusan, memperkuat akses masyarakat kepada hak atas lahan dan sumberdaya alam, mengelola sumberdaya alam secara berkelanjutan serta meningkatkan taraf hidup mereka.</p>\r\n<p>Mari bersama kami dalam mendukung masyarakat untuk mengelola sumberdaya alam secara berkelanjutan serta mendukung pemerintah untuk menghasilkan kebijakan yang berbasis masyarakat.</p>\r\n</div>','Masyarakat yang tinggal di dalam dan sekitar wilayah yang kaya akan sumberdaya alam di Indonesia menghadapi pilihan tentang mata pencaharian dan nasib wilayah sumberdaya alam mereka. ',NULL,NULL,NULL),(8,4,'id','Komunitas','<div>\r\n<p>Masyarakat yang tinggal di dalam dan sekitar wilayah yang kaya akan sumberdaya alam di Indonesia menghadapi pilihan tentang mata pencaharian dan nasib wilayah sumberdaya alam mereka. Bagi sebagian besar masyarakat, hutan adalah sumber mata pencaharian dan identitas mereka. Namun, model pembangunan pada umumnya adalah mengubah hutan alam menjadi lahan penggunaan lain. Situasi yang serupa juga dapat kita jumpai di daerah pesisir.</p>\r\n<p>TNC mengakui fakta bahwa kesuksesan konservasi di Indonesia harus bermanfaat bagi masyarakat yang terkena dampak. Keterlibatan dan pemberdayaan masyarakat, termasuk mengikutsertakan kearifan lokal adalah pusat dari seluruh kerja konservasi kami serta elemen utama kesuksesan kami selama decade terakhir. Kami juga memahami kebutuhan dan tantangan luar biasa untuk meningkatkan kerja-kerja berbasis masyarakat untuk mencapai tujuan konservasi dan pembangunan yang bermakna.</p>\r\n<p>Untuk mendukung masyarakat menghadapi tantangan ini, TNC mengembangkan kerangka keterlibatan masyarakat terpadu, Aksi Inspirasi Warga untuk Perubahan (SIGAP) yang disusun berdasarkan aspirasi masyarakat bagi masa depan dan visi wilayahnya. Kerangka ini akah melibatkan masyarakat dalam perencanaan, membuat dan mempengaruhi keputusan, memperkuat akses masyarakat kepada hak atas lahan dan sumberdaya alam, mengelola sumberdaya alam secara berkelanjutan serta meningkatkan taraf hidup mereka.</p>\r\n<p>Mari bersama kami dalam mendukung masyarakat untuk mengelola sumberdaya alam secara berkelanjutan serta mendukung pemerintah untuk menghasilkan kebijakan yang berbasis masyarakat.</p>\r\n</div>','Masyarakat yang tinggal di dalam dan sekitar wilayah yang kaya akan sumberdaya alam di Indonesia menghadapi pilihan tentang mata pencaharian dan nasib wilayah sumberdaya alam mereka. ',NULL,NULL,NULL),(9,5,'en','Stories','<div>\r\n<p>Masyarakat yang tinggal di dalam dan sekitar wilayah yang kaya akan sumberdaya alam di Indonesia menghadapi pilihan tentang mata pencaharian dan nasib wilayah sumberdaya alam mereka. Bagi sebagian besar masyarakat, hutan adalah sumber mata pencaharian dan identitas mereka. Namun, model pembangunan pada umumnya adalah mengubah hutan alam menjadi lahan penggunaan lain. Situasi yang serupa juga dapat kita jumpai di daerah pesisir.</p>\r\n<p>TNC mengakui fakta bahwa kesuksesan konservasi di Indonesia harus bermanfaat bagi masyarakat yang terkena dampak. Keterlibatan dan pemberdayaan masyarakat, termasuk mengikutsertakan kearifan lokal adalah pusat dari seluruh kerja konservasi kami serta elemen utama kesuksesan kami selama decade terakhir. Kami juga memahami kebutuhan dan tantangan luar biasa untuk meningkatkan kerja-kerja berbasis masyarakat untuk mencapai tujuan konservasi dan pembangunan yang bermakna.</p>\r\n<p>Untuk mendukung masyarakat menghadapi tantangan ini, TNC mengembangkan kerangka keterlibatan masyarakat terpadu, Aksi Inspirasi Warga untuk Perubahan (SIGAP) yang disusun berdasarkan aspirasi masyarakat bagi masa depan dan visi wilayahnya. Kerangka ini akah melibatkan masyarakat dalam perencanaan, membuat dan mempengaruhi keputusan, memperkuat akses masyarakat kepada hak atas lahan dan sumberdaya alam, mengelola sumberdaya alam secara berkelanjutan serta meningkatkan taraf hidup mereka.</p>\r\n<p>Mari bersama kami dalam mendukung masyarakat untuk mengelola sumberdaya alam secara berkelanjutan serta mendukung pemerintah untuk menghasilkan kebijakan yang berbasis masyarakat.</p>\r\n</div>','Masyarakat yang tinggal di dalam dan sekitar wilayah yang kaya akan sumberdaya alam di Indonesia menghadapi pilihan tentang mata pencaharian dan nasib wilayah sumberdaya alam mereka. ',NULL,NULL,NULL),(10,5,'id','Cerita','<div>\r\n<p>Masyarakat yang tinggal di dalam dan sekitar wilayah yang kaya akan sumberdaya alam di Indonesia menghadapi pilihan tentang mata pencaharian dan nasib wilayah sumberdaya alam mereka. Bagi sebagian besar masyarakat, hutan adalah sumber mata pencaharian dan identitas mereka. Namun, model pembangunan pada umumnya adalah mengubah hutan alam menjadi lahan penggunaan lain. Situasi yang serupa juga dapat kita jumpai di daerah pesisir.</p>\r\n<p>TNC mengakui fakta bahwa kesuksesan konservasi di Indonesia harus bermanfaat bagi masyarakat yang terkena dampak. Keterlibatan dan pemberdayaan masyarakat, termasuk mengikutsertakan kearifan lokal adalah pusat dari seluruh kerja konservasi kami serta elemen utama kesuksesan kami selama decade terakhir. Kami juga memahami kebutuhan dan tantangan luar biasa untuk meningkatkan kerja-kerja berbasis masyarakat untuk mencapai tujuan konservasi dan pembangunan yang bermakna.</p>\r\n<p>Untuk mendukung masyarakat menghadapi tantangan ini, TNC mengembangkan kerangka keterlibatan masyarakat terpadu, Aksi Inspirasi Warga untuk Perubahan (SIGAP) yang disusun berdasarkan aspirasi masyarakat bagi masa depan dan visi wilayahnya. Kerangka ini akah melibatkan masyarakat dalam perencanaan, membuat dan mempengaruhi keputusan, memperkuat akses masyarakat kepada hak atas lahan dan sumberdaya alam, mengelola sumberdaya alam secara berkelanjutan serta meningkatkan taraf hidup mereka.</p>\r\n<p>Mari bersama kami dalam mendukung masyarakat untuk mengelola sumberdaya alam secara berkelanjutan serta mendukung pemerintah untuk menghasilkan kebijakan yang berbasis masyarakat.</p>\r\n</div>','Masyarakat yang tinggal di dalam dan sekitar wilayah yang kaya akan sumberdaya alam di Indonesia menghadapi pilihan tentang mata pencaharian dan nasib wilayah sumberdaya alam mereka. ',NULL,NULL,NULL),(11,6,'id','Artikel Contoh','<div>\r\n<p>Masyarakat yang tinggal di dalam dan sekitar wilayah yang kaya akan sumberdaya alam di Indonesia menghadapi pilihan tentang mata pencaharian dan nasib wilayah sumberdaya alam mereka. Bagi sebagian besar masyarakat, hutan adalah sumber mata pencaharian dan identitas mereka. Namun, model pembangunan pada umumnya adalah mengubah hutan alam menjadi lahan penggunaan lain. Situasi yang serupa juga dapat kita jumpai di daerah pesisir.</p>\r\n<p>TNC mengakui fakta bahwa kesuksesan konservasi di Indonesia harus bermanfaat bagi masyarakat yang terkena dampak. Keterlibatan dan pemberdayaan masyarakat, termasuk mengikutsertakan kearifan lokal adalah pusat dari seluruh kerja konservasi kami serta elemen utama kesuksesan kami selama decade terakhir. Kami juga memahami kebutuhan dan tantangan luar biasa untuk meningkatkan kerja-kerja berbasis masyarakat untuk mencapai tujuan konservasi dan pembangunan yang bermakna.</p>\r\n<p>Untuk mendukung masyarakat menghadapi tantangan ini, TNC mengembangkan kerangka keterlibatan masyarakat terpadu, Aksi Inspirasi Warga untuk Perubahan (SIGAP) yang disusun berdasarkan aspirasi masyarakat bagi masa depan dan visi wilayahnya. Kerangka ini akah melibatkan masyarakat dalam perencanaan, membuat dan mempengaruhi keputusan, memperkuat akses masyarakat kepada hak atas lahan dan sumberdaya alam, mengelola sumberdaya alam secara berkelanjutan serta meningkatkan taraf hidup mereka.</p>\r\n<p>Mari bersama kami dalam mendukung masyarakat untuk mengelola sumberdaya alam secara berkelanjutan serta mendukung pemerintah untuk menghasilkan kebijakan yang berbasis masyarakat.</p>\r\n</div>','Masyarakat yang tinggal di dalam dan sekitar wilayah yang kaya akan sumberdaya alam di Indonesia menghadapi pilihan tentang mata pencaharian dan nasib wilayah sumberdaya alam mereka. ',NULL,NULL,NULL),(12,6,'en','Example Article ','<div>\r\n<p>Masyarakat yang tinggal di dalam dan sekitar wilayah yang kaya akan sumberdaya alam di Indonesia menghadapi pilihan tentang mata pencaharian dan nasib wilayah sumberdaya alam mereka. Bagi sebagian besar masyarakat, hutan adalah sumber mata pencaharian dan identitas mereka. Namun, model pembangunan pada umumnya adalah mengubah hutan alam menjadi lahan penggunaan lain. Situasi yang serupa juga dapat kita jumpai di daerah pesisir.</p>\r\n<p>TNC mengakui fakta bahwa kesuksesan konservasi di Indonesia harus bermanfaat bagi masyarakat yang terkena dampak. Keterlibatan dan pemberdayaan masyarakat, termasuk mengikutsertakan kearifan lokal adalah pusat dari seluruh kerja konservasi kami serta elemen utama kesuksesan kami selama decade terakhir. Kami juga memahami kebutuhan dan tantangan luar biasa untuk meningkatkan kerja-kerja berbasis masyarakat untuk mencapai tujuan konservasi dan pembangunan yang bermakna.</p>\r\n<p>Untuk mendukung masyarakat menghadapi tantangan ini, TNC mengembangkan kerangka keterlibatan masyarakat terpadu, Aksi Inspirasi Warga untuk Perubahan (SIGAP) yang disusun berdasarkan aspirasi masyarakat bagi masa depan dan visi wilayahnya. Kerangka ini akah melibatkan masyarakat dalam perencanaan, membuat dan mempengaruhi keputusan, memperkuat akses masyarakat kepada hak atas lahan dan sumberdaya alam, mengelola sumberdaya alam secara berkelanjutan serta meningkatkan taraf hidup mereka.</p>\r\n<p>Mari bersama kami dalam mendukung masyarakat untuk mengelola sumberdaya alam secara berkelanjutan serta mendukung pemerintah untuk menghasilkan kebijakan yang berbasis masyarakat.</p>\r\n</div>','Masyarakat yang tinggal di dalam dan sekitar wilayah yang kaya akan sumberdaya alam di Indonesia menghadapi pilihan tentang mata pencaharian dan nasib wilayah sumberdaya alam mereka. ',NULL,NULL,NULL);

/*Table structure for table `homeslider` */

DROP TABLE IF EXISTS `homeslider`;

CREATE TABLE `homeslider` (
  `homeslider_id` int(11) unsigned NOT NULL AUTO_INCREMENT,
  `cover` varchar(255) NOT NULL,
  `url` text NOT NULL,
  `ordered` int(1) NOT NULL,
  `published` enum('publish','unpublish') NOT NULL DEFAULT 'publish',
  `created` datetime NOT NULL,
  `updated` timestamp NOT NULL DEFAULT CURRENT_TIMESTAMP ON UPDATE CURRENT_TIMESTAMP,
  `created_by` int(11) unsigned NOT NULL,
  `updated_by` int(11) unsigned NOT NULL,
  PRIMARY KEY (`homeslider_id`)
) ENGINE=InnoDB AUTO_INCREMENT=4 DEFAULT CHARSET=utf8;

/*Data for the table `homeslider` */

insert  into `homeslider`(`homeslider_id`,`cover`,`url`,`ordered`,`published`,`created`,`updated`,`created_by`,`updated_by`) values (1,'a7e93f9bc5b727dbfd51c4c8576e1bd11d3f3dff.jpg','http://dev3.bubuwork.com/seto/ykan/program/bentang-laut-2',1,'publish','2016-09-19 05:28:22','2017-01-06 06:36:43',1,1),(2,'59fc1ed70bfb1b479441b0b55635b81e9fc42674.jpg','http://dev3.bubuwork.com/seto/ykan/program/bentang-darat',2,'publish','2016-09-20 18:44:03','2017-01-06 06:36:30',1,1),(3,'b66c38c107d75c915c395de4c03b890a.jpg','http://dev3.bubuwork.com/seto/ykan/program/komunitas',3,'publish','2016-09-20 18:49:18','2017-01-06 06:36:08',1,1);

/*Table structure for table `homeslider_translation` */

DROP TABLE IF EXISTS `homeslider_translation`;

CREATE TABLE `homeslider_translation` (
  `slider_id` int(11) unsigned NOT NULL AUTO_INCREMENT,
  `homeslider_id` int(11) unsigned NOT NULL,
  `language_slug` varchar(2) NOT NULL,
  `title` varchar(255) NOT NULL,
  `location` varchar(255) DEFAULT NULL,
  `description` text NOT NULL,
  PRIMARY KEY (`slider_id`)
) ENGINE=InnoDB AUTO_INCREMENT=7 DEFAULT CHARSET=utf8;

/*Data for the table `homeslider_translation` */

insert  into `homeslider_translation`(`slider_id`,`homeslider_id`,`language_slug`,`title`,`location`,`description`) values (1,1,'en','Bahasa Inggris','Indonesia','Lorem Ipsum is simply dummy text of the printing and typesetting industry. Lorem Ipsum has been the industry\'s standard dummy text ever since the 1500s, when an unknown printer took a galley of type and scrambled it to make a type specimen book.'),(2,1,'id','Perlindungan Terumbu Karang','Indonesia','95% terumbu karang yang ada dalam kondisi rusak karena cara penangkapan ikan yang tidak ramah lingkungan. Bagaimana cara menyelamatkannya?'),(3,2,'en','Bahasa Inggris','Indonesia','Lorem Ipsum is simply dummy text of the printing and typesetting industry. Lorem Ipsum has been the industry\'s standard dummy text ever since the 1500s, when an unknown printer took a galley of type and scrambled it to make a type specimen book. It has survived not only five centuries, but also the leap into electronic typesetting, remaining essentially unchanged. It was popularised in the 1960s with the release of Letraset sheets containing Lorem Ipsum passages, and more recently with desktop publishing software like Aldus PageMaker including versions of Lorem Ipsum.'),(4,2,'id','Perlindungan Habitat Orangutan','Indonesia','Di Provinsi Kalimantan Timur, perkiraan jumlah populasi orangutan (subspecies Pongo pygmaeus morio) hanya tinggal ± 4.800 individu. Bagaimana cara melindungi habitatnya?'),(5,3,'en','Bahas Inggris','Indonesia','Lorem Ipsum is simply dummy text of the printing and typesetting industry. Lorem Ipsum has been the industry\'s standard dummy text ever since the 1500s, when an unknown printer took a galley of type and scrambled it to make a type specimen book. It has survived not only five centuries, but also the leap into electronic typesetting, remaining essentially unchanged. It was popularised in the 1960s with the release of Letraset sheets containing Lorem Ipsum passages, and more recently with desktop publishing software like Aldus PageMaker including versions of Lorem Ipsum.'),(6,3,'id','#sayaSIGAP','Indonesia','Melindungi alam dan melestarikan kehidupan dengan cara memandirikan dan meningkatkan kesejahteraan masyarakat.');

/*Table structure for table `inbox` */

DROP TABLE IF EXISTS `inbox`;

CREATE TABLE `inbox` (
  `inbox_id` int(11) unsigned NOT NULL AUTO_INCREMENT,
  `fullname` varchar(100) NOT NULL,
  `email` varchar(100) NOT NULL,
  `phone` varchar(20) NOT NULL,
  `city` varchar(100) NOT NULL,
  `message` text NOT NULL,
  `answer` text,
  `status` enum('new','answered') NOT NULL DEFAULT 'new',
  `created` datetime NOT NULL,
  `updated` timestamp NOT NULL DEFAULT CURRENT_TIMESTAMP ON UPDATE CURRENT_TIMESTAMP,
  `ip` varchar(39) NOT NULL,
  `agent` text NOT NULL,
  PRIMARY KEY (`inbox_id`)
) ENGINE=InnoDB AUTO_INCREMENT=4 DEFAULT CHARSET=utf8;

/*Data for the table `inbox` */

insert  into `inbox`(`inbox_id`,`fullname`,`email`,`phone`,`city`,`message`,`answer`,`status`,`created`,`updated`,`ip`,`agent`) values (1,'Nama','email@dokter.com','12345678','Jakarta','TEst tanya','<p>Jawab yaa.</p>\r\n<p> </p>','answered','2016-09-19 07:25:09','2017-01-06 06:50:55','127.0.0.1','{\"agents\":\"Mozilla\\/5.0 (Windows NT 6.3; WOW64; rv:47.0) Gecko\\/20100101 Firefox\\/47.0\",\"platform\":\"Windows 8.1\",\"version\":\"47.0\",\"mobile\":\"\",\"robot\":\"\",\"browser\":\"Firefox\",\"languages\":[\"en-us\",\"en\"]}'),(2,'yani','dewi.damayani@tnc.org','12345678','Jakarta','dewiii','<p>hi dewi damayani. hello from the dark side.</p>\n<p> </p>\n<p>regards,</p>\n<p>darth vader</p>','answered','2016-10-28 14:55:14','2017-01-06 06:50:57','111.68.112.59','{\"agents\":\"Mozilla\\/5.0 (Windows NT 6.1; WOW64) AppleWebKit\\/537.36 (KHTML, like Gecko) Chrome\\/54.0.2840.71 Safari\\/537.36\",\"platform\":\"Windows 7\",\"version\":\"54.0.2840.71\",\"mobile\":\"\",\"robot\":\"\",\"browser\":\"Chrome\",\"languages\":[\"en-us\",\"en\"]}'),(3,'Tester Maks','test50@admin.com','98989898','Jakarta','Hi test, Hi test, Hi test, Hi test, Hi test, Hi test, Hi test, Hi test, Hi test, Hi test, Hi test, Hi test, Hi test, Hi test, Hi test, Hi test, Hi test, Hi test, Hi test, ',NULL,'new','2017-01-07 06:34:29','2017-01-07 06:34:29','127.0.0.1','{\"agents\":\"Mozilla\\/5.0 (Windows NT 6.3; WOW64; rv:50.0) Gecko\\/20100101 Firefox\\/50.0\",\"platform\":\"Windows 8.1\",\"version\":\"50.0\",\"mobile\":\"\",\"robot\":\"\",\"browser\":\"Firefox\",\"languages\":[\"en-us\",\"en\"]}');

/*Table structure for table `log_error` */

DROP TABLE IF EXISTS `log_error`;

CREATE TABLE `log_error` (
  `category` varchar(50) NOT NULL,
  `info` text,
  `created` datetime NOT NULL,
  `ip` varchar(39) NOT NULL,
  `agent` text NOT NULL
) ENGINE=InnoDB DEFAULT CHARSET=utf8;

/*Data for the table `log_error` */

/*Table structure for table `log_sessions` */

DROP TABLE IF EXISTS `log_sessions`;

CREATE TABLE `log_sessions` (
  `id` varchar(40) NOT NULL,
  `ip_address` varchar(45) NOT NULL,
  `timestamp` int(10) unsigned NOT NULL DEFAULT '0',
  `data` blob NOT NULL,
  KEY `ci_sessions_timestamp` (`timestamp`)
) ENGINE=InnoDB DEFAULT CHARSET=utf8;

/*Data for the table `log_sessions` */

insert  into `log_sessions`(`id`,`ip_address`,`timestamp`,`data`) values ('8d757be64c3be2abcb175f4c6f3c703e1fde58bc','127.0.0.1',1483743400,'__ci_last_regenerate|i:1483743357;masterlanguage|a:2:{i:0;s:2:\"en\";i:1;s:2:\"id\";}current_lang|s:2:\"en\";translation|a:36:{s:23:\"contact_field_subscribe\";s:20:\"Subscribe newsletter\";s:16:\"inbox_title_form\";s:18:\"LETS Work Together\";s:20:\"inbox_required_alert\";s:25:\"indicates required fields\";s:19:\"sosmed_title_follow\";s:19:\"catch us on the web\";s:8:\"readmore\";s:9:\"read more\";s:18:\"page_program_title\";s:7:\"Program\";s:27:\"detail_program_sosmed_share\";s:18:\"Share this content\";s:22:\"contact_field_fullname\";s:9:\"Full name\";s:21:\"contact_field_message\";s:7:\"Message\";s:20:\"contact_field_submit\";s:4:\"SEND\";s:13:\"contact_about\";s:586:\"English TNC Lorem Ipsum is simply dummy text of the printing and typesetting industry. Lorem Ipsum has been the industry\'s standard dummy text ever since the 1500s, when an unknown printer took a galley of type and scrambled it to make a type specimen book. It has survived not only five centuries, but also the leap into electronic typesetting, remaining essentially unchanged. It was popularised in the 1960s with the release of Letraset sheets containing Lorem Ipsum passages, and more recently with desktop publishing software like Aldus PageMaker including versions of Lorem Ipsum.\";s:9:\"title_404\";s:14:\"Page Not Found\";s:27:\"subscribe_success_duplicate\";s:20:\"Thank your subscribe\";s:17:\"subscribe_success\";s:20:\"Thank your subscribe\";s:19:\"contact_waitinglist\";s:112:\"Mohon tunggu, pesan Anda sebelumnya masih dalam daftar tunggu. Kami akan segera membalas pesan Anda. Terimakasih\";s:15:\"contact_success\";s:49:\"Terima kasih, pesan anda sudah berhasil terkirim.\";s:15:\"translation_404\";s:20:\"Translation Notfound\";s:16:\"page_about_title\";s:8:\"About Us\";s:17:\"page_about_teaser\";s:205:\"<h1><span>preserve</span> the world lung.</h1> <h2 class=\"about-desc-1\">We work with you to create a positive effect in more than 35 countries</h2> <h2 class=\"about-desc-2\">included in our fatherland.</h2>\";s:22:\"page_about_description\";s:796:\"<h1>PROTECT <span>• TRANSFORM •</span> INSPIRE</h1> <p> As the world\'s largest archipelago, the sea and its contents is the natural resource that is essential for Indonesia. Marine ecosystems not only supports the local economy, but also provide protection for coastal communities with dampen wave energy while the storm and is the area to thrive for fish and other marine life. </p> <p> TNC partners with Government, private parties, academia and various levels of society to ensure that the natural resources of the sea of Indonesia can be managed well for the welfare of society today nor in the future. We encourage improvements to governance, policies and utilization of marine resources at various levels, from national to tread level, balancing development and conservation needs. </p>\";s:21:\"page_mitra_alam_title\";s:13:\"Partner World\";s:27:\"page_mitra_alam_description\";s:796:\"<h1>PROTECT <span>• TRANSFORM •</span> INSPIRE</h1> <p> As the world\'s largest archipelago, the sea and its contents is the natural resource that is essential for Indonesia. Marine ecosystems not only supports the local economy, but also provide protection for coastal communities with dampen wave energy while the storm and is the area to thrive for fish and other marine life. </p> <p> TNC partners with Government, private parties, academia and various levels of society to ensure that the natural resources of the sea of Indonesia can be managed well for the welfare of society today nor in the future. We encourage improvements to governance, policies and utilization of marine resources at various levels, from national to tread level, balancing development and conservation needs. </p>\";s:29:\"page_term_and_condition_title\";s:18:\"Term and Condition\";s:35:\"page_term_and_condition_description\";s:768:\"<h1>Term and Condition</h1> <p> As the world\'s largest archipelago, the sea and its contents is the natural resource that is essential for Indonesia. Marine ecosystems not only supports the local economy, but also provide protection for coastal communities with dampen wave energy while the storm and is the area to thrive for fish and other marine life. </p> <p> TNC partners with Government, private parties, academia and various levels of society to ensure that the natural resources of the sea of Indonesia can be managed well for the welfare of society today nor in the future. We encourage improvements to governance, policies and utilization of marine resources at various levels, from national to tread level, balancing development and conservation needs. </p>\";s:18:\"page_article_title\";s:7:\"Article\";s:23:\"page_media_social_title\";s:12:\"Social Media\";s:19:\"contact_field_phone\";s:12:\"Phone Number\";s:18:\"contact_field_city\";s:4:\"City\";s:32:\"contact_field_term_and_condition\";s:30:\"I have read term and condition\";s:18:\"page_contact_title\";s:10:\"Contact Us\";s:18:\"page_privacy_title\";s:14:\"Privacy Policy\";s:17:\"page_donate_title\";s:6:\"Donate\";s:24:\"page_privacy_description\";s:764:\"<h1>Privacy Policy</h1> <p> As the world\'s largest archipelago, the sea and its contents is the natural resource that is essential for Indonesia. Marine ecosystems not only supports the local economy, but also provide protection for coastal communities with dampen wave energy while the storm and is the area to thrive for fish and other marine life. </p> <p> TNC partners with Government, private parties, academia and various levels of society to ensure that the natural resources of the sea of Indonesia can be managed well for the welfare of society today nor in the future. We encourage improvements to governance, policies and utilization of marine resources at various levels, from national to tread level, balancing development and conservation needs. </p>\";s:13:\"related_title\";s:19:\"Related Information\";s:6:\"author\";s:6:\"Author\";s:22:\"featured_stories_title\";s:16:\"Featured Stories\";}'),('43d51c1be4ee052b0a2454e392651f93f6ca3321','127.0.0.1',1483744491,'__ci_last_regenerate|i:1483744219;masterlanguage|a:2:{i:0;s:2:\"en\";i:1;s:2:\"id\";}current_lang|s:2:\"en\";translation|a:38:{s:23:\"contact_field_subscribe\";s:20:\"Subscribe newsletter\";s:16:\"inbox_title_form\";s:18:\"LETS Work Together\";s:20:\"inbox_required_alert\";s:25:\"indicates required fields\";s:19:\"sosmed_title_follow\";s:19:\"catch us on the web\";s:8:\"readmore\";s:9:\"read more\";s:18:\"page_program_title\";s:7:\"Program\";s:27:\"detail_program_sosmed_share\";s:18:\"Share this content\";s:22:\"contact_field_fullname\";s:9:\"Full name\";s:21:\"contact_field_message\";s:7:\"Message\";s:20:\"contact_field_submit\";s:4:\"SEND\";s:13:\"contact_about\";s:586:\"English TNC Lorem Ipsum is simply dummy text of the printing and typesetting industry. Lorem Ipsum has been the industry\'s standard dummy text ever since the 1500s, when an unknown printer took a galley of type and scrambled it to make a type specimen book. It has survived not only five centuries, but also the leap into electronic typesetting, remaining essentially unchanged. It was popularised in the 1960s with the release of Letraset sheets containing Lorem Ipsum passages, and more recently with desktop publishing software like Aldus PageMaker including versions of Lorem Ipsum.\";s:9:\"title_404\";s:14:\"Page Not Found\";s:27:\"subscribe_success_duplicate\";s:20:\"Thank your subscribe\";s:17:\"subscribe_success\";s:20:\"Thank your subscribe\";s:19:\"contact_waitinglist\";s:112:\"Mohon tunggu, pesan Anda sebelumnya masih dalam daftar tunggu. Kami akan segera membalas pesan Anda. Terimakasih\";s:15:\"contact_success\";s:49:\"Terima kasih, pesan anda sudah berhasil terkirim.\";s:15:\"translation_404\";s:20:\"Translation Notfound\";s:16:\"page_about_title\";s:8:\"About Us\";s:17:\"page_about_teaser\";s:205:\"<h1><span>preserve</span> the world lung.</h1> <h2 class=\"about-desc-1\">We work with you to create a positive effect in more than 35 countries</h2> <h2 class=\"about-desc-2\">included in our fatherland.</h2>\";s:22:\"page_about_description\";s:796:\"<h1>PROTECT <span>• TRANSFORM •</span> INSPIRE</h1> <p> As the world\'s largest archipelago, the sea and its contents is the natural resource that is essential for Indonesia. Marine ecosystems not only supports the local economy, but also provide protection for coastal communities with dampen wave energy while the storm and is the area to thrive for fish and other marine life. </p> <p> TNC partners with Government, private parties, academia and various levels of society to ensure that the natural resources of the sea of Indonesia can be managed well for the welfare of society today nor in the future. We encourage improvements to governance, policies and utilization of marine resources at various levels, from national to tread level, balancing development and conservation needs. </p>\";s:21:\"page_mitra_alam_title\";s:13:\"Partner World\";s:27:\"page_mitra_alam_description\";s:796:\"<h1>PROTECT <span>• TRANSFORM •</span> INSPIRE</h1> <p> As the world\'s largest archipelago, the sea and its contents is the natural resource that is essential for Indonesia. Marine ecosystems not only supports the local economy, but also provide protection for coastal communities with dampen wave energy while the storm and is the area to thrive for fish and other marine life. </p> <p> TNC partners with Government, private parties, academia and various levels of society to ensure that the natural resources of the sea of Indonesia can be managed well for the welfare of society today nor in the future. We encourage improvements to governance, policies and utilization of marine resources at various levels, from national to tread level, balancing development and conservation needs. </p>\";s:29:\"page_term_and_condition_title\";s:18:\"Term and Condition\";s:35:\"page_term_and_condition_description\";s:768:\"<h1>Term and Condition</h1> <p> As the world\'s largest archipelago, the sea and its contents is the natural resource that is essential for Indonesia. Marine ecosystems not only supports the local economy, but also provide protection for coastal communities with dampen wave energy while the storm and is the area to thrive for fish and other marine life. </p> <p> TNC partners with Government, private parties, academia and various levels of society to ensure that the natural resources of the sea of Indonesia can be managed well for the welfare of society today nor in the future. We encourage improvements to governance, policies and utilization of marine resources at various levels, from national to tread level, balancing development and conservation needs. </p>\";s:18:\"page_article_title\";s:7:\"Article\";s:23:\"page_media_social_title\";s:12:\"Social Media\";s:19:\"contact_field_phone\";s:12:\"Phone Number\";s:18:\"contact_field_city\";s:4:\"City\";s:32:\"contact_field_term_and_condition\";s:30:\"I have read term and condition\";s:18:\"page_contact_title\";s:10:\"Contact Us\";s:18:\"page_privacy_title\";s:14:\"Privacy Policy\";s:17:\"page_donate_title\";s:6:\"Donate\";s:24:\"page_privacy_description\";s:764:\"<h1>Privacy Policy</h1> <p> As the world\'s largest archipelago, the sea and its contents is the natural resource that is essential for Indonesia. Marine ecosystems not only supports the local economy, but also provide protection for coastal communities with dampen wave energy while the storm and is the area to thrive for fish and other marine life. </p> <p> TNC partners with Government, private parties, academia and various levels of society to ensure that the natural resources of the sea of Indonesia can be managed well for the welfare of society today nor in the future. We encourage improvements to governance, policies and utilization of marine resources at various levels, from national to tread level, balancing development and conservation needs. </p>\";s:13:\"related_title\";s:19:\"Related Information\";s:6:\"author\";s:6:\"Author\";s:22:\"featured_stories_title\";s:16:\"Featured Stories\";s:17:\"latest_news_title\";s:11:\"Latest News\";s:17:\"most_viewed_title\";s:12:\"Most Popular\";}'),('82301fdffb90ab522ef8c2f3f0491bb4104bf6be','127.0.0.1',1483744736,'__ci_last_regenerate|i:1483744608;masterlanguage|a:2:{i:0;s:2:\"en\";i:1;s:2:\"id\";}current_lang|s:2:\"en\";translation|a:38:{s:23:\"contact_field_subscribe\";s:20:\"Subscribe newsletter\";s:16:\"inbox_title_form\";s:18:\"LETS Work Together\";s:20:\"inbox_required_alert\";s:25:\"indicates required fields\";s:19:\"sosmed_title_follow\";s:19:\"catch us on the web\";s:8:\"readmore\";s:9:\"read more\";s:18:\"page_program_title\";s:7:\"Program\";s:27:\"detail_program_sosmed_share\";s:18:\"Share this content\";s:22:\"contact_field_fullname\";s:9:\"Full name\";s:21:\"contact_field_message\";s:7:\"Message\";s:20:\"contact_field_submit\";s:4:\"SEND\";s:13:\"contact_about\";s:586:\"English TNC Lorem Ipsum is simply dummy text of the printing and typesetting industry. Lorem Ipsum has been the industry\'s standard dummy text ever since the 1500s, when an unknown printer took a galley of type and scrambled it to make a type specimen book. It has survived not only five centuries, but also the leap into electronic typesetting, remaining essentially unchanged. It was popularised in the 1960s with the release of Letraset sheets containing Lorem Ipsum passages, and more recently with desktop publishing software like Aldus PageMaker including versions of Lorem Ipsum.\";s:9:\"title_404\";s:14:\"Page Not Found\";s:27:\"subscribe_success_duplicate\";s:20:\"Thank your subscribe\";s:17:\"subscribe_success\";s:20:\"Thank your subscribe\";s:19:\"contact_waitinglist\";s:112:\"Mohon tunggu, pesan Anda sebelumnya masih dalam daftar tunggu. Kami akan segera membalas pesan Anda. Terimakasih\";s:15:\"contact_success\";s:49:\"Terima kasih, pesan anda sudah berhasil terkirim.\";s:15:\"translation_404\";s:20:\"Translation Notfound\";s:16:\"page_about_title\";s:8:\"About Us\";s:17:\"page_about_teaser\";s:205:\"<h1><span>preserve</span> the world lung.</h1> <h2 class=\"about-desc-1\">We work with you to create a positive effect in more than 35 countries</h2> <h2 class=\"about-desc-2\">included in our fatherland.</h2>\";s:22:\"page_about_description\";s:796:\"<h1>PROTECT <span>• TRANSFORM •</span> INSPIRE</h1> <p> As the world\'s largest archipelago, the sea and its contents is the natural resource that is essential for Indonesia. Marine ecosystems not only supports the local economy, but also provide protection for coastal communities with dampen wave energy while the storm and is the area to thrive for fish and other marine life. </p> <p> TNC partners with Government, private parties, academia and various levels of society to ensure that the natural resources of the sea of Indonesia can be managed well for the welfare of society today nor in the future. We encourage improvements to governance, policies and utilization of marine resources at various levels, from national to tread level, balancing development and conservation needs. </p>\";s:21:\"page_mitra_alam_title\";s:13:\"Partner World\";s:27:\"page_mitra_alam_description\";s:796:\"<h1>PROTECT <span>• TRANSFORM •</span> INSPIRE</h1> <p> As the world\'s largest archipelago, the sea and its contents is the natural resource that is essential for Indonesia. Marine ecosystems not only supports the local economy, but also provide protection for coastal communities with dampen wave energy while the storm and is the area to thrive for fish and other marine life. </p> <p> TNC partners with Government, private parties, academia and various levels of society to ensure that the natural resources of the sea of Indonesia can be managed well for the welfare of society today nor in the future. We encourage improvements to governance, policies and utilization of marine resources at various levels, from national to tread level, balancing development and conservation needs. </p>\";s:29:\"page_term_and_condition_title\";s:18:\"Term and Condition\";s:35:\"page_term_and_condition_description\";s:768:\"<h1>Term and Condition</h1> <p> As the world\'s largest archipelago, the sea and its contents is the natural resource that is essential for Indonesia. Marine ecosystems not only supports the local economy, but also provide protection for coastal communities with dampen wave energy while the storm and is the area to thrive for fish and other marine life. </p> <p> TNC partners with Government, private parties, academia and various levels of society to ensure that the natural resources of the sea of Indonesia can be managed well for the welfare of society today nor in the future. We encourage improvements to governance, policies and utilization of marine resources at various levels, from national to tread level, balancing development and conservation needs. </p>\";s:18:\"page_article_title\";s:7:\"Article\";s:23:\"page_media_social_title\";s:12:\"Social Media\";s:19:\"contact_field_phone\";s:12:\"Phone Number\";s:18:\"contact_field_city\";s:4:\"City\";s:32:\"contact_field_term_and_condition\";s:30:\"I have read term and condition\";s:18:\"page_contact_title\";s:10:\"Contact Us\";s:18:\"page_privacy_title\";s:14:\"Privacy Policy\";s:17:\"page_donate_title\";s:6:\"Donate\";s:24:\"page_privacy_description\";s:764:\"<h1>Privacy Policy</h1> <p> As the world\'s largest archipelago, the sea and its contents is the natural resource that is essential for Indonesia. Marine ecosystems not only supports the local economy, but also provide protection for coastal communities with dampen wave energy while the storm and is the area to thrive for fish and other marine life. </p> <p> TNC partners with Government, private parties, academia and various levels of society to ensure that the natural resources of the sea of Indonesia can be managed well for the welfare of society today nor in the future. We encourage improvements to governance, policies and utilization of marine resources at various levels, from national to tread level, balancing development and conservation needs. </p>\";s:13:\"related_title\";s:19:\"Related Information\";s:6:\"author\";s:6:\"Author\";s:22:\"featured_stories_title\";s:16:\"Featured Stories\";s:17:\"latest_news_title\";s:11:\"Latest News\";s:17:\"most_viewed_title\";s:12:\"Most Popular\";}'),('8a1633741f2b8158832f1372e0abc4eb25b485f2','127.0.0.1',1483745558,'__ci_last_regenerate|i:1483745259;masterlanguage|a:2:{i:0;s:2:\"en\";i:1;s:2:\"id\";}current_lang|s:2:\"en\";translation|a:38:{s:23:\"contact_field_subscribe\";s:20:\"Subscribe newsletter\";s:16:\"inbox_title_form\";s:18:\"LETS Work Together\";s:20:\"inbox_required_alert\";s:25:\"indicates required fields\";s:19:\"sosmed_title_follow\";s:19:\"catch us on the web\";s:8:\"readmore\";s:9:\"read more\";s:18:\"page_program_title\";s:7:\"Program\";s:27:\"detail_program_sosmed_share\";s:18:\"Share this content\";s:22:\"contact_field_fullname\";s:9:\"Full name\";s:21:\"contact_field_message\";s:7:\"Message\";s:20:\"contact_field_submit\";s:4:\"SEND\";s:13:\"contact_about\";s:586:\"English TNC Lorem Ipsum is simply dummy text of the printing and typesetting industry. Lorem Ipsum has been the industry\'s standard dummy text ever since the 1500s, when an unknown printer took a galley of type and scrambled it to make a type specimen book. It has survived not only five centuries, but also the leap into electronic typesetting, remaining essentially unchanged. It was popularised in the 1960s with the release of Letraset sheets containing Lorem Ipsum passages, and more recently with desktop publishing software like Aldus PageMaker including versions of Lorem Ipsum.\";s:9:\"title_404\";s:14:\"Page Not Found\";s:27:\"subscribe_success_duplicate\";s:20:\"Thank your subscribe\";s:17:\"subscribe_success\";s:20:\"Thank your subscribe\";s:19:\"contact_waitinglist\";s:112:\"Mohon tunggu, pesan Anda sebelumnya masih dalam daftar tunggu. Kami akan segera membalas pesan Anda. Terimakasih\";s:15:\"contact_success\";s:49:\"Terima kasih, pesan anda sudah berhasil terkirim.\";s:15:\"translation_404\";s:20:\"Translation Notfound\";s:16:\"page_about_title\";s:8:\"About Us\";s:17:\"page_about_teaser\";s:205:\"<h1><span>preserve</span> the world lung.</h1> <h2 class=\"about-desc-1\">We work with you to create a positive effect in more than 35 countries</h2> <h2 class=\"about-desc-2\">included in our fatherland.</h2>\";s:22:\"page_about_description\";s:796:\"<h1>PROTECT <span>• TRANSFORM •</span> INSPIRE</h1> <p> As the world\'s largest archipelago, the sea and its contents is the natural resource that is essential for Indonesia. Marine ecosystems not only supports the local economy, but also provide protection for coastal communities with dampen wave energy while the storm and is the area to thrive for fish and other marine life. </p> <p> TNC partners with Government, private parties, academia and various levels of society to ensure that the natural resources of the sea of Indonesia can be managed well for the welfare of society today nor in the future. We encourage improvements to governance, policies and utilization of marine resources at various levels, from national to tread level, balancing development and conservation needs. </p>\";s:21:\"page_mitra_alam_title\";s:13:\"Partner World\";s:27:\"page_mitra_alam_description\";s:796:\"<h1>PROTECT <span>• TRANSFORM •</span> INSPIRE</h1> <p> As the world\'s largest archipelago, the sea and its contents is the natural resource that is essential for Indonesia. Marine ecosystems not only supports the local economy, but also provide protection for coastal communities with dampen wave energy while the storm and is the area to thrive for fish and other marine life. </p> <p> TNC partners with Government, private parties, academia and various levels of society to ensure that the natural resources of the sea of Indonesia can be managed well for the welfare of society today nor in the future. We encourage improvements to governance, policies and utilization of marine resources at various levels, from national to tread level, balancing development and conservation needs. </p>\";s:29:\"page_term_and_condition_title\";s:18:\"Term and Condition\";s:35:\"page_term_and_condition_description\";s:768:\"<h1>Term and Condition</h1> <p> As the world\'s largest archipelago, the sea and its contents is the natural resource that is essential for Indonesia. Marine ecosystems not only supports the local economy, but also provide protection for coastal communities with dampen wave energy while the storm and is the area to thrive for fish and other marine life. </p> <p> TNC partners with Government, private parties, academia and various levels of society to ensure that the natural resources of the sea of Indonesia can be managed well for the welfare of society today nor in the future. We encourage improvements to governance, policies and utilization of marine resources at various levels, from national to tread level, balancing development and conservation needs. </p>\";s:18:\"page_article_title\";s:7:\"Article\";s:23:\"page_media_social_title\";s:12:\"Social Media\";s:19:\"contact_field_phone\";s:12:\"Phone Number\";s:18:\"contact_field_city\";s:4:\"City\";s:32:\"contact_field_term_and_condition\";s:30:\"I have read term and condition\";s:18:\"page_contact_title\";s:10:\"Contact Us\";s:18:\"page_privacy_title\";s:14:\"Privacy Policy\";s:17:\"page_donate_title\";s:6:\"Donate\";s:24:\"page_privacy_description\";s:764:\"<h1>Privacy Policy</h1> <p> As the world\'s largest archipelago, the sea and its contents is the natural resource that is essential for Indonesia. Marine ecosystems not only supports the local economy, but also provide protection for coastal communities with dampen wave energy while the storm and is the area to thrive for fish and other marine life. </p> <p> TNC partners with Government, private parties, academia and various levels of society to ensure that the natural resources of the sea of Indonesia can be managed well for the welfare of society today nor in the future. We encourage improvements to governance, policies and utilization of marine resources at various levels, from national to tread level, balancing development and conservation needs. </p>\";s:13:\"related_title\";s:19:\"Related Information\";s:6:\"author\";s:6:\"Author\";s:22:\"featured_stories_title\";s:16:\"Featured Stories\";s:17:\"latest_news_title\";s:11:\"Latest News\";s:17:\"most_viewed_title\";s:12:\"Most Popular\";}'),('d7eb2aeb7dcb05ecbbe921aa2d26153739d0a229','127.0.0.1',1483745833,'__ci_last_regenerate|i:1483745610;masterlanguage|a:2:{i:0;s:2:\"en\";i:1;s:2:\"id\";}current_lang|s:2:\"en\";translation|a:39:{s:23:\"contact_field_subscribe\";s:20:\"Subscribe newsletter\";s:16:\"inbox_title_form\";s:18:\"LETS Work Together\";s:20:\"inbox_required_alert\";s:25:\"indicates required fields\";s:19:\"sosmed_title_follow\";s:19:\"catch us on the web\";s:8:\"readmore\";s:9:\"read more\";s:18:\"page_program_title\";s:7:\"Program\";s:27:\"detail_program_sosmed_share\";s:18:\"Share this content\";s:22:\"contact_field_fullname\";s:9:\"Full name\";s:21:\"contact_field_message\";s:7:\"Message\";s:20:\"contact_field_submit\";s:4:\"SEND\";s:13:\"contact_about\";s:586:\"English TNC Lorem Ipsum is simply dummy text of the printing and typesetting industry. Lorem Ipsum has been the industry\'s standard dummy text ever since the 1500s, when an unknown printer took a galley of type and scrambled it to make a type specimen book. It has survived not only five centuries, but also the leap into electronic typesetting, remaining essentially unchanged. It was popularised in the 1960s with the release of Letraset sheets containing Lorem Ipsum passages, and more recently with desktop publishing software like Aldus PageMaker including versions of Lorem Ipsum.\";s:9:\"title_404\";s:14:\"Page Not Found\";s:27:\"subscribe_success_duplicate\";s:20:\"Thank your subscribe\";s:17:\"subscribe_success\";s:20:\"Thank your subscribe\";s:19:\"contact_waitinglist\";s:112:\"Mohon tunggu, pesan Anda sebelumnya masih dalam daftar tunggu. Kami akan segera membalas pesan Anda. Terimakasih\";s:15:\"contact_success\";s:49:\"Terima kasih, pesan anda sudah berhasil terkirim.\";s:15:\"translation_404\";s:20:\"Translation Notfound\";s:16:\"page_about_title\";s:8:\"About Us\";s:17:\"page_about_teaser\";s:205:\"<h1><span>preserve</span> the world lung.</h1> <h2 class=\"about-desc-1\">We work with you to create a positive effect in more than 35 countries</h2> <h2 class=\"about-desc-2\">included in our fatherland.</h2>\";s:22:\"page_about_description\";s:796:\"<h1>PROTECT <span>• TRANSFORM •</span> INSPIRE</h1> <p> As the world\'s largest archipelago, the sea and its contents is the natural resource that is essential for Indonesia. Marine ecosystems not only supports the local economy, but also provide protection for coastal communities with dampen wave energy while the storm and is the area to thrive for fish and other marine life. </p> <p> TNC partners with Government, private parties, academia and various levels of society to ensure that the natural resources of the sea of Indonesia can be managed well for the welfare of society today nor in the future. We encourage improvements to governance, policies and utilization of marine resources at various levels, from national to tread level, balancing development and conservation needs. </p>\";s:21:\"page_mitra_alam_title\";s:13:\"Partner World\";s:27:\"page_mitra_alam_description\";s:796:\"<h1>PROTECT <span>• TRANSFORM •</span> INSPIRE</h1> <p> As the world\'s largest archipelago, the sea and its contents is the natural resource that is essential for Indonesia. Marine ecosystems not only supports the local economy, but also provide protection for coastal communities with dampen wave energy while the storm and is the area to thrive for fish and other marine life. </p> <p> TNC partners with Government, private parties, academia and various levels of society to ensure that the natural resources of the sea of Indonesia can be managed well for the welfare of society today nor in the future. We encourage improvements to governance, policies and utilization of marine resources at various levels, from national to tread level, balancing development and conservation needs. </p>\";s:29:\"page_term_and_condition_title\";s:18:\"Term and Condition\";s:35:\"page_term_and_condition_description\";s:768:\"<h1>Term and Condition</h1> <p> As the world\'s largest archipelago, the sea and its contents is the natural resource that is essential for Indonesia. Marine ecosystems not only supports the local economy, but also provide protection for coastal communities with dampen wave energy while the storm and is the area to thrive for fish and other marine life. </p> <p> TNC partners with Government, private parties, academia and various levels of society to ensure that the natural resources of the sea of Indonesia can be managed well for the welfare of society today nor in the future. We encourage improvements to governance, policies and utilization of marine resources at various levels, from national to tread level, balancing development and conservation needs. </p>\";s:18:\"page_article_title\";s:7:\"Article\";s:23:\"page_media_social_title\";s:12:\"Social Media\";s:19:\"contact_field_phone\";s:12:\"Phone Number\";s:18:\"contact_field_city\";s:4:\"City\";s:32:\"contact_field_term_and_condition\";s:30:\"I have read term and condition\";s:18:\"page_contact_title\";s:10:\"Contact Us\";s:18:\"page_privacy_title\";s:14:\"Privacy Policy\";s:17:\"page_donate_title\";s:6:\"Donate\";s:24:\"page_privacy_description\";s:764:\"<h1>Privacy Policy</h1> <p> As the world\'s largest archipelago, the sea and its contents is the natural resource that is essential for Indonesia. Marine ecosystems not only supports the local economy, but also provide protection for coastal communities with dampen wave energy while the storm and is the area to thrive for fish and other marine life. </p> <p> TNC partners with Government, private parties, academia and various levels of society to ensure that the natural resources of the sea of Indonesia can be managed well for the welfare of society today nor in the future. We encourage improvements to governance, policies and utilization of marine resources at various levels, from national to tread level, balancing development and conservation needs. </p>\";s:13:\"related_title\";s:19:\"Related Information\";s:6:\"author\";s:6:\"Author\";s:22:\"featured_stories_title\";s:16:\"Featured Stories\";s:17:\"latest_news_title\";s:11:\"Latest News\";s:17:\"most_viewed_title\";s:12:\"Most Popular\";s:17:\"modal_popup_title\";s:11:\"Information\";}'),('27892a50ccca5844bf1a058e55889f934c37ffbb','127.0.0.1',1483746064,'__ci_last_regenerate|i:1483746004;masterlanguage|a:2:{i:0;s:2:\"en\";i:1;s:2:\"id\";}current_lang|s:2:\"id\";translation|a:40:{s:23:\"contact_field_subscribe\";s:34:\"Saya ingin berlangganan Newsletter\";s:16:\"inbox_title_form\";s:20:\"Mari Bekerja Bersama\";s:20:\"inbox_required_alert\";s:11:\"wajib diisi\";s:19:\"sosmed_title_follow\";s:13:\"Ikuti kami di\";s:8:\"readmore\";s:12:\"selengkapnya\";s:18:\"page_program_title\";s:7:\"Program\";s:27:\"detail_program_sosmed_share\";s:21:\"Bagikan informasi ini\";s:22:\"contact_field_fullname\";s:12:\"Nama Lengkap\";s:21:\"contact_field_message\";s:11:\"Tulis Pesan\";s:20:\"contact_field_submit\";s:5:\"KIRIM\";s:13:\"contact_about\";s:710:\"Yayasan Konsevasi Alam Nusantara (YKAN) merupakan afiliasi lokal dari The Nature Conservancy (TNC), dan mendapatkan lisensi untuk menggunakan merek dan logo TNC di Indonesia. Di Indonesia, TNC telah bekerja dalam kemitraan konservasi dengan pemerintah, masyarakat dan sektor swasta selama lebih dari 25 tahun, memajukan solusi untuk perlindungan hayati, pengelolaan sumberdaya alam dan perubahan iklim untuk kepentingan masyarakat dan alam. Dengan menggunakan model-model pengelolaan sumberdaya alam yang berbasis sains, TNC memberikan solusi dalam penyusunan kebijakan dan mempengaruhi tata kerja dan kelola yang berakibat pada bertambahnya konservasi darat dan laut di Indonesia yang dikelola secara efektif.\";s:9:\"title_404\";s:22:\"Halaman Tidak Tersedia\";s:27:\"subscribe_success_duplicate\";s:43:\"Terima kasih anda sudah melakukan subscribe\";s:17:\"subscribe_success\";s:37:\"Terima kasih sudah menjadi subscriber\";s:19:\"contact_waitinglist\";s:112:\"Mohon tunggu, pesan Anda sebelumnya masih dalam daftar tunggu. Kami akan segera membalas pesan Anda. Terimakasih\";s:15:\"contact_success\";s:49:\"Terima kasih, pesan anda sudah berhasil terkirim.\";s:15:\"translation_404\";s:20:\"Translation Notfound\";s:16:\"page_about_title\";s:12:\"Tentang Kami\";s:17:\"page_about_teaser\";s:219:\"<h1><span>melestarikan</span> paru paru dunia.</h1> <h2 class=\"about-desc-1\">Kami bekerja dengan Anda untuk menciptakan efek positif di lebih dari 35 negara</h2> <h2 class=\"about-desc-2\">termasuk di Tanah Air kita.</h2>\";s:22:\"page_about_description\";s:866:\"<h1>MELINDUNGI <span>• MENGUBAH •</span> MENGINSPIRASI</h1> <p> Sebagai negara kepulauan terbesar di dunia, laut beserta isinya merupakan sumberdaya alam yang sangat penting bagi Indonesia. Ekosistem laut tidak hanya mendukung ekonomi lokal, tetapi juga memberikan perlindungan bagi masyarakat pesisir dengan meredam energi gelombang saat badai dan merupakan area untuk berkembang bagi ikan serta kehidupan laut lainnya. </p> <p> TNC bermitra dengan pemerintah, pihak swasta, akademisi dan masyarakat dari berbagai tingkatan untuk memastikan bahwa sumberdaya alam laut Indonesia dapat terkelola dengan baik demi kesejahteraan masyarakat saat ini maupun mendatang. Kami mendorong perbaikan tata kelola, kebijakan dan pemanfaatan sumberdaya laut pada berbagai tingkatan, dari tingkat tapak hingga nasional, menyeimbangkan pembangunan dan kebutuhan konservasi. </p>\";s:21:\"page_mitra_alam_title\";s:10:\"Mitra Alam\";s:27:\"page_mitra_alam_description\";s:866:\"<h1>MELINDUNGI <span>• MENGUBAH •</span> MENGINSPIRASI</h1> <p> Sebagai negara kepulauan terbesar di dunia, laut beserta isinya merupakan sumberdaya alam yang sangat penting bagi Indonesia. Ekosistem laut tidak hanya mendukung ekonomi lokal, tetapi juga memberikan perlindungan bagi masyarakat pesisir dengan meredam energi gelombang saat badai dan merupakan area untuk berkembang bagi ikan serta kehidupan laut lainnya. </p> <p> TNC bermitra dengan pemerintah, pihak swasta, akademisi dan masyarakat dari berbagai tingkatan untuk memastikan bahwa sumberdaya alam laut Indonesia dapat terkelola dengan baik demi kesejahteraan masyarakat saat ini maupun mendatang. Kami mendorong perbaikan tata kelola, kebijakan dan pemanfaatan sumberdaya laut pada berbagai tingkatan, dari tingkat tapak hingga nasional, menyeimbangkan pembangunan dan kebutuhan konservasi. </p>\";s:29:\"page_term_and_condition_title\";s:20:\"Syarat dan Ketentuan\";s:35:\"page_term_and_condition_description\";s:832:\"<h1>Syarat dan Ketentuan</h1> <p> Sebagai negara kepulauan terbesar di dunia, laut beserta isinya merupakan sumberdaya alam yang sangat penting bagi Indonesia. Ekosistem laut tidak hanya mendukung ekonomi lokal, tetapi juga memberikan perlindungan bagi masyarakat pesisir dengan meredam energi gelombang saat badai dan merupakan area untuk berkembang bagi ikan serta kehidupan laut lainnya. </p> <p> TNC bermitra dengan pemerintah, pihak swasta, akademisi dan masyarakat dari berbagai tingkatan untuk memastikan bahwa sumberdaya alam laut Indonesia dapat terkelola dengan baik demi kesejahteraan masyarakat saat ini maupun mendatang. Kami mendorong perbaikan tata kelola, kebijakan dan pemanfaatan sumberdaya laut pada berbagai tingkatan, dari tingkat tapak hingga nasional, menyeimbangkan pembangunan dan kebutuhan konservasi. </p>\";s:18:\"page_article_title\";s:7:\"Artikel\";s:23:\"page_media_social_title\";s:12:\"Media Sosial\";s:19:\"contact_field_phone\";s:15:\"Telepon Seluler\";s:18:\"contact_field_city\";s:4:\"Kota\";s:32:\"contact_field_term_and_condition\";s:39:\"Saya sudah membaca syarat dan ketentuan\";s:18:\"page_contact_title\";s:11:\"Kontak Kami\";s:18:\"page_privacy_title\";s:17:\"Kebijakan Privasi\";s:17:\"page_donate_title\";s:6:\"Donasi\";s:24:\"page_privacy_description\";s:829:\"<h1>Kebijakan Privasi</h1> <p> Sebagai negara kepulauan terbesar di dunia, laut beserta isinya merupakan sumberdaya alam yang sangat penting bagi Indonesia. Ekosistem laut tidak hanya mendukung ekonomi lokal, tetapi juga memberikan perlindungan bagi masyarakat pesisir dengan meredam energi gelombang saat badai dan merupakan area untuk berkembang bagi ikan serta kehidupan laut lainnya. </p> <p> TNC bermitra dengan pemerintah, pihak swasta, akademisi dan masyarakat dari berbagai tingkatan untuk memastikan bahwa sumberdaya alam laut Indonesia dapat terkelola dengan baik demi kesejahteraan masyarakat saat ini maupun mendatang. Kami mendorong perbaikan tata kelola, kebijakan dan pemanfaatan sumberdaya laut pada berbagai tingkatan, dari tingkat tapak hingga nasional, menyeimbangkan pembangunan dan kebutuhan konservasi. </p>\";s:13:\"related_title\";s:17:\"Informasi Terkait\";s:6:\"author\";s:7:\"Penulis\";s:22:\"featured_stories_title\";s:7:\"Sejarah\";s:17:\"latest_news_title\";s:14:\"Berita Terkini\";s:17:\"most_viewed_title\";s:17:\"Berita Terpopuler\";s:17:\"modal_popup_title\";s:9:\"Informasi\";s:22:\"facebook_like_me_title\";s:52:\"Berikan Dukungan Anda Dengan Like Facebook Page Kami\";}'),('745070d5809beff9475d67954f3a26bacbaf3913','127.0.0.1',1483748214,'__ci_last_regenerate|i:1483748149;masterlanguage|a:2:{i:0;s:2:\"en\";i:1;s:2:\"id\";}current_lang|s:2:\"id\";translation|a:40:{s:23:\"contact_field_subscribe\";s:34:\"Saya ingin berlangganan Newsletter\";s:16:\"inbox_title_form\";s:20:\"Mari Bekerja Bersama\";s:20:\"inbox_required_alert\";s:11:\"wajib diisi\";s:19:\"sosmed_title_follow\";s:13:\"Ikuti kami di\";s:8:\"readmore\";s:12:\"selengkapnya\";s:18:\"page_program_title\";s:7:\"Program\";s:27:\"detail_program_sosmed_share\";s:21:\"Bagikan informasi ini\";s:22:\"contact_field_fullname\";s:12:\"Nama Lengkap\";s:21:\"contact_field_message\";s:11:\"Tulis Pesan\";s:20:\"contact_field_submit\";s:5:\"KIRIM\";s:13:\"contact_about\";s:710:\"Yayasan Konsevasi Alam Nusantara (YKAN) merupakan afiliasi lokal dari The Nature Conservancy (TNC), dan mendapatkan lisensi untuk menggunakan merek dan logo TNC di Indonesia. Di Indonesia, TNC telah bekerja dalam kemitraan konservasi dengan pemerintah, masyarakat dan sektor swasta selama lebih dari 25 tahun, memajukan solusi untuk perlindungan hayati, pengelolaan sumberdaya alam dan perubahan iklim untuk kepentingan masyarakat dan alam. Dengan menggunakan model-model pengelolaan sumberdaya alam yang berbasis sains, TNC memberikan solusi dalam penyusunan kebijakan dan mempengaruhi tata kerja dan kelola yang berakibat pada bertambahnya konservasi darat dan laut di Indonesia yang dikelola secara efektif.\";s:9:\"title_404\";s:22:\"Halaman Tidak Tersedia\";s:27:\"subscribe_success_duplicate\";s:43:\"Terima kasih anda sudah melakukan subscribe\";s:17:\"subscribe_success\";s:37:\"Terima kasih sudah menjadi subscriber\";s:19:\"contact_waitinglist\";s:112:\"Mohon tunggu, pesan Anda sebelumnya masih dalam daftar tunggu. Kami akan segera membalas pesan Anda. Terimakasih\";s:15:\"contact_success\";s:49:\"Terima kasih, pesan anda sudah berhasil terkirim.\";s:15:\"translation_404\";s:20:\"Translation Notfound\";s:16:\"page_about_title\";s:12:\"Tentang Kami\";s:17:\"page_about_teaser\";s:219:\"<h1><span>melestarikan</span> paru paru dunia.</h1> <h2 class=\"about-desc-1\">Kami bekerja dengan Anda untuk menciptakan efek positif di lebih dari 35 negara</h2> <h2 class=\"about-desc-2\">termasuk di Tanah Air kita.</h2>\";s:22:\"page_about_description\";s:866:\"<h1>MELINDUNGI <span>• MENGUBAH •</span> MENGINSPIRASI</h1> <p> Sebagai negara kepulauan terbesar di dunia, laut beserta isinya merupakan sumberdaya alam yang sangat penting bagi Indonesia. Ekosistem laut tidak hanya mendukung ekonomi lokal, tetapi juga memberikan perlindungan bagi masyarakat pesisir dengan meredam energi gelombang saat badai dan merupakan area untuk berkembang bagi ikan serta kehidupan laut lainnya. </p> <p> TNC bermitra dengan pemerintah, pihak swasta, akademisi dan masyarakat dari berbagai tingkatan untuk memastikan bahwa sumberdaya alam laut Indonesia dapat terkelola dengan baik demi kesejahteraan masyarakat saat ini maupun mendatang. Kami mendorong perbaikan tata kelola, kebijakan dan pemanfaatan sumberdaya laut pada berbagai tingkatan, dari tingkat tapak hingga nasional, menyeimbangkan pembangunan dan kebutuhan konservasi. </p>\";s:21:\"page_mitra_alam_title\";s:10:\"Mitra Alam\";s:27:\"page_mitra_alam_description\";s:866:\"<h1>MELINDUNGI <span>• MENGUBAH •</span> MENGINSPIRASI</h1> <p> Sebagai negara kepulauan terbesar di dunia, laut beserta isinya merupakan sumberdaya alam yang sangat penting bagi Indonesia. Ekosistem laut tidak hanya mendukung ekonomi lokal, tetapi juga memberikan perlindungan bagi masyarakat pesisir dengan meredam energi gelombang saat badai dan merupakan area untuk berkembang bagi ikan serta kehidupan laut lainnya. </p> <p> TNC bermitra dengan pemerintah, pihak swasta, akademisi dan masyarakat dari berbagai tingkatan untuk memastikan bahwa sumberdaya alam laut Indonesia dapat terkelola dengan baik demi kesejahteraan masyarakat saat ini maupun mendatang. Kami mendorong perbaikan tata kelola, kebijakan dan pemanfaatan sumberdaya laut pada berbagai tingkatan, dari tingkat tapak hingga nasional, menyeimbangkan pembangunan dan kebutuhan konservasi. </p>\";s:29:\"page_term_and_condition_title\";s:20:\"Syarat dan Ketentuan\";s:35:\"page_term_and_condition_description\";s:832:\"<h1>Syarat dan Ketentuan</h1> <p> Sebagai negara kepulauan terbesar di dunia, laut beserta isinya merupakan sumberdaya alam yang sangat penting bagi Indonesia. Ekosistem laut tidak hanya mendukung ekonomi lokal, tetapi juga memberikan perlindungan bagi masyarakat pesisir dengan meredam energi gelombang saat badai dan merupakan area untuk berkembang bagi ikan serta kehidupan laut lainnya. </p> <p> TNC bermitra dengan pemerintah, pihak swasta, akademisi dan masyarakat dari berbagai tingkatan untuk memastikan bahwa sumberdaya alam laut Indonesia dapat terkelola dengan baik demi kesejahteraan masyarakat saat ini maupun mendatang. Kami mendorong perbaikan tata kelola, kebijakan dan pemanfaatan sumberdaya laut pada berbagai tingkatan, dari tingkat tapak hingga nasional, menyeimbangkan pembangunan dan kebutuhan konservasi. </p>\";s:18:\"page_article_title\";s:7:\"Artikel\";s:23:\"page_media_social_title\";s:12:\"Media Sosial\";s:19:\"contact_field_phone\";s:15:\"Telepon Seluler\";s:18:\"contact_field_city\";s:4:\"Kota\";s:32:\"contact_field_term_and_condition\";s:39:\"Saya sudah membaca syarat dan ketentuan\";s:18:\"page_contact_title\";s:11:\"Kontak Kami\";s:18:\"page_privacy_title\";s:17:\"Kebijakan Privasi\";s:17:\"page_donate_title\";s:6:\"Donasi\";s:24:\"page_privacy_description\";s:829:\"<h1>Kebijakan Privasi</h1> <p> Sebagai negara kepulauan terbesar di dunia, laut beserta isinya merupakan sumberdaya alam yang sangat penting bagi Indonesia. Ekosistem laut tidak hanya mendukung ekonomi lokal, tetapi juga memberikan perlindungan bagi masyarakat pesisir dengan meredam energi gelombang saat badai dan merupakan area untuk berkembang bagi ikan serta kehidupan laut lainnya. </p> <p> TNC bermitra dengan pemerintah, pihak swasta, akademisi dan masyarakat dari berbagai tingkatan untuk memastikan bahwa sumberdaya alam laut Indonesia dapat terkelola dengan baik demi kesejahteraan masyarakat saat ini maupun mendatang. Kami mendorong perbaikan tata kelola, kebijakan dan pemanfaatan sumberdaya laut pada berbagai tingkatan, dari tingkat tapak hingga nasional, menyeimbangkan pembangunan dan kebutuhan konservasi. </p>\";s:13:\"related_title\";s:17:\"Informasi Terkait\";s:6:\"author\";s:7:\"Penulis\";s:22:\"featured_stories_title\";s:7:\"Sejarah\";s:17:\"latest_news_title\";s:14:\"Berita Terkini\";s:17:\"most_viewed_title\";s:17:\"Berita Terpopuler\";s:17:\"modal_popup_title\";s:9:\"Informasi\";s:22:\"facebook_like_me_title\";s:52:\"Berikan Dukungan Anda Dengan Like Facebook Page Kami\";}'),('c11d64d75b4eabcf2395379e96fa1fe5a1a0ee9a','127.0.0.1',1483749076,'__ci_last_regenerate|i:1483749046;masterlanguage|a:2:{i:0;s:2:\"en\";i:1;s:2:\"id\";}current_lang|s:2:\"id\";translation|a:40:{s:23:\"contact_field_subscribe\";s:34:\"Saya ingin berlangganan Newsletter\";s:16:\"inbox_title_form\";s:20:\"Mari Bekerja Bersama\";s:20:\"inbox_required_alert\";s:11:\"wajib diisi\";s:19:\"sosmed_title_follow\";s:13:\"Ikuti kami di\";s:8:\"readmore\";s:12:\"selengkapnya\";s:18:\"page_program_title\";s:7:\"Program\";s:27:\"detail_program_sosmed_share\";s:21:\"Bagikan informasi ini\";s:22:\"contact_field_fullname\";s:12:\"Nama Lengkap\";s:21:\"contact_field_message\";s:11:\"Tulis Pesan\";s:20:\"contact_field_submit\";s:5:\"KIRIM\";s:13:\"contact_about\";s:710:\"Yayasan Konsevasi Alam Nusantara (YKAN) merupakan afiliasi lokal dari The Nature Conservancy (TNC), dan mendapatkan lisensi untuk menggunakan merek dan logo TNC di Indonesia. Di Indonesia, TNC telah bekerja dalam kemitraan konservasi dengan pemerintah, masyarakat dan sektor swasta selama lebih dari 25 tahun, memajukan solusi untuk perlindungan hayati, pengelolaan sumberdaya alam dan perubahan iklim untuk kepentingan masyarakat dan alam. Dengan menggunakan model-model pengelolaan sumberdaya alam yang berbasis sains, TNC memberikan solusi dalam penyusunan kebijakan dan mempengaruhi tata kerja dan kelola yang berakibat pada bertambahnya konservasi darat dan laut di Indonesia yang dikelola secara efektif.\";s:9:\"title_404\";s:22:\"Halaman Tidak Tersedia\";s:27:\"subscribe_success_duplicate\";s:43:\"Terima kasih anda sudah melakukan subscribe\";s:17:\"subscribe_success\";s:37:\"Terima kasih sudah menjadi subscriber\";s:19:\"contact_waitinglist\";s:112:\"Mohon tunggu, pesan Anda sebelumnya masih dalam daftar tunggu. Kami akan segera membalas pesan Anda. Terimakasih\";s:15:\"contact_success\";s:49:\"Terima kasih, pesan anda sudah berhasil terkirim.\";s:15:\"translation_404\";s:20:\"Translation Notfound\";s:16:\"page_about_title\";s:12:\"Tentang Kami\";s:17:\"page_about_teaser\";s:219:\"<h1><span>melestarikan</span> paru paru dunia.</h1> <h2 class=\"about-desc-1\">Kami bekerja dengan Anda untuk menciptakan efek positif di lebih dari 35 negara</h2> <h2 class=\"about-desc-2\">termasuk di Tanah Air kita.</h2>\";s:22:\"page_about_description\";s:866:\"<h1>MELINDUNGI <span>• MENGUBAH •</span> MENGINSPIRASI</h1> <p> Sebagai negara kepulauan terbesar di dunia, laut beserta isinya merupakan sumberdaya alam yang sangat penting bagi Indonesia. Ekosistem laut tidak hanya mendukung ekonomi lokal, tetapi juga memberikan perlindungan bagi masyarakat pesisir dengan meredam energi gelombang saat badai dan merupakan area untuk berkembang bagi ikan serta kehidupan laut lainnya. </p> <p> TNC bermitra dengan pemerintah, pihak swasta, akademisi dan masyarakat dari berbagai tingkatan untuk memastikan bahwa sumberdaya alam laut Indonesia dapat terkelola dengan baik demi kesejahteraan masyarakat saat ini maupun mendatang. Kami mendorong perbaikan tata kelola, kebijakan dan pemanfaatan sumberdaya laut pada berbagai tingkatan, dari tingkat tapak hingga nasional, menyeimbangkan pembangunan dan kebutuhan konservasi. </p>\";s:21:\"page_mitra_alam_title\";s:10:\"Mitra Alam\";s:27:\"page_mitra_alam_description\";s:866:\"<h1>MELINDUNGI <span>• MENGUBAH •</span> MENGINSPIRASI</h1> <p> Sebagai negara kepulauan terbesar di dunia, laut beserta isinya merupakan sumberdaya alam yang sangat penting bagi Indonesia. Ekosistem laut tidak hanya mendukung ekonomi lokal, tetapi juga memberikan perlindungan bagi masyarakat pesisir dengan meredam energi gelombang saat badai dan merupakan area untuk berkembang bagi ikan serta kehidupan laut lainnya. </p> <p> TNC bermitra dengan pemerintah, pihak swasta, akademisi dan masyarakat dari berbagai tingkatan untuk memastikan bahwa sumberdaya alam laut Indonesia dapat terkelola dengan baik demi kesejahteraan masyarakat saat ini maupun mendatang. Kami mendorong perbaikan tata kelola, kebijakan dan pemanfaatan sumberdaya laut pada berbagai tingkatan, dari tingkat tapak hingga nasional, menyeimbangkan pembangunan dan kebutuhan konservasi. </p>\";s:29:\"page_term_and_condition_title\";s:20:\"Syarat dan Ketentuan\";s:35:\"page_term_and_condition_description\";s:832:\"<h1>Syarat dan Ketentuan</h1> <p> Sebagai negara kepulauan terbesar di dunia, laut beserta isinya merupakan sumberdaya alam yang sangat penting bagi Indonesia. Ekosistem laut tidak hanya mendukung ekonomi lokal, tetapi juga memberikan perlindungan bagi masyarakat pesisir dengan meredam energi gelombang saat badai dan merupakan area untuk berkembang bagi ikan serta kehidupan laut lainnya. </p> <p> TNC bermitra dengan pemerintah, pihak swasta, akademisi dan masyarakat dari berbagai tingkatan untuk memastikan bahwa sumberdaya alam laut Indonesia dapat terkelola dengan baik demi kesejahteraan masyarakat saat ini maupun mendatang. Kami mendorong perbaikan tata kelola, kebijakan dan pemanfaatan sumberdaya laut pada berbagai tingkatan, dari tingkat tapak hingga nasional, menyeimbangkan pembangunan dan kebutuhan konservasi. </p>\";s:18:\"page_article_title\";s:7:\"Artikel\";s:23:\"page_media_social_title\";s:12:\"Media Sosial\";s:19:\"contact_field_phone\";s:15:\"Telepon Seluler\";s:18:\"contact_field_city\";s:4:\"Kota\";s:32:\"contact_field_term_and_condition\";s:39:\"Saya sudah membaca syarat dan ketentuan\";s:18:\"page_contact_title\";s:11:\"Kontak Kami\";s:18:\"page_privacy_title\";s:17:\"Kebijakan Privasi\";s:17:\"page_donate_title\";s:6:\"Donasi\";s:24:\"page_privacy_description\";s:829:\"<h1>Kebijakan Privasi</h1> <p> Sebagai negara kepulauan terbesar di dunia, laut beserta isinya merupakan sumberdaya alam yang sangat penting bagi Indonesia. Ekosistem laut tidak hanya mendukung ekonomi lokal, tetapi juga memberikan perlindungan bagi masyarakat pesisir dengan meredam energi gelombang saat badai dan merupakan area untuk berkembang bagi ikan serta kehidupan laut lainnya. </p> <p> TNC bermitra dengan pemerintah, pihak swasta, akademisi dan masyarakat dari berbagai tingkatan untuk memastikan bahwa sumberdaya alam laut Indonesia dapat terkelola dengan baik demi kesejahteraan masyarakat saat ini maupun mendatang. Kami mendorong perbaikan tata kelola, kebijakan dan pemanfaatan sumberdaya laut pada berbagai tingkatan, dari tingkat tapak hingga nasional, menyeimbangkan pembangunan dan kebutuhan konservasi. </p>\";s:13:\"related_title\";s:17:\"Informasi Terkait\";s:6:\"author\";s:7:\"Penulis\";s:22:\"featured_stories_title\";s:7:\"Sejarah\";s:17:\"latest_news_title\";s:14:\"Berita Terkini\";s:17:\"most_viewed_title\";s:17:\"Berita Terpopuler\";s:17:\"modal_popup_title\";s:9:\"Informasi\";s:22:\"facebook_like_me_title\";s:52:\"Berikan Dukungan Anda Dengan Like Facebook Page Kami\";}'),('311967aa333595c7880da9a14d5db003677de5c4','127.0.0.1',1483749779,'__ci_last_regenerate|i:1483749650;masterlanguage|a:2:{i:0;s:2:\"en\";i:1;s:2:\"id\";}current_lang|s:2:\"id\";translation|a:40:{s:23:\"contact_field_subscribe\";s:34:\"Saya ingin berlangganan Newsletter\";s:16:\"inbox_title_form\";s:20:\"Mari Bekerja Bersama\";s:20:\"inbox_required_alert\";s:11:\"wajib diisi\";s:19:\"sosmed_title_follow\";s:13:\"Ikuti kami di\";s:8:\"readmore\";s:12:\"selengkapnya\";s:18:\"page_program_title\";s:7:\"Program\";s:27:\"detail_program_sosmed_share\";s:21:\"Bagikan informasi ini\";s:22:\"contact_field_fullname\";s:12:\"Nama Lengkap\";s:21:\"contact_field_message\";s:11:\"Tulis Pesan\";s:20:\"contact_field_submit\";s:5:\"KIRIM\";s:13:\"contact_about\";s:710:\"Yayasan Konsevasi Alam Nusantara (YKAN) merupakan afiliasi lokal dari The Nature Conservancy (TNC), dan mendapatkan lisensi untuk menggunakan merek dan logo TNC di Indonesia. Di Indonesia, TNC telah bekerja dalam kemitraan konservasi dengan pemerintah, masyarakat dan sektor swasta selama lebih dari 25 tahun, memajukan solusi untuk perlindungan hayati, pengelolaan sumberdaya alam dan perubahan iklim untuk kepentingan masyarakat dan alam. Dengan menggunakan model-model pengelolaan sumberdaya alam yang berbasis sains, TNC memberikan solusi dalam penyusunan kebijakan dan mempengaruhi tata kerja dan kelola yang berakibat pada bertambahnya konservasi darat dan laut di Indonesia yang dikelola secara efektif.\";s:9:\"title_404\";s:22:\"Halaman Tidak Tersedia\";s:27:\"subscribe_success_duplicate\";s:43:\"Terima kasih anda sudah melakukan subscribe\";s:17:\"subscribe_success\";s:37:\"Terima kasih sudah menjadi subscriber\";s:19:\"contact_waitinglist\";s:112:\"Mohon tunggu, pesan Anda sebelumnya masih dalam daftar tunggu. Kami akan segera membalas pesan Anda. Terimakasih\";s:15:\"contact_success\";s:49:\"Terima kasih, pesan anda sudah berhasil terkirim.\";s:15:\"translation_404\";s:20:\"Translation Notfound\";s:16:\"page_about_title\";s:12:\"Tentang Kami\";s:17:\"page_about_teaser\";s:219:\"<h1><span>melestarikan</span> paru paru dunia.</h1> <h2 class=\"about-desc-1\">Kami bekerja dengan Anda untuk menciptakan efek positif di lebih dari 35 negara</h2> <h2 class=\"about-desc-2\">termasuk di Tanah Air kita.</h2>\";s:22:\"page_about_description\";s:866:\"<h1>MELINDUNGI <span>• MENGUBAH •</span> MENGINSPIRASI</h1> <p> Sebagai negara kepulauan terbesar di dunia, laut beserta isinya merupakan sumberdaya alam yang sangat penting bagi Indonesia. Ekosistem laut tidak hanya mendukung ekonomi lokal, tetapi juga memberikan perlindungan bagi masyarakat pesisir dengan meredam energi gelombang saat badai dan merupakan area untuk berkembang bagi ikan serta kehidupan laut lainnya. </p> <p> TNC bermitra dengan pemerintah, pihak swasta, akademisi dan masyarakat dari berbagai tingkatan untuk memastikan bahwa sumberdaya alam laut Indonesia dapat terkelola dengan baik demi kesejahteraan masyarakat saat ini maupun mendatang. Kami mendorong perbaikan tata kelola, kebijakan dan pemanfaatan sumberdaya laut pada berbagai tingkatan, dari tingkat tapak hingga nasional, menyeimbangkan pembangunan dan kebutuhan konservasi. </p>\";s:21:\"page_mitra_alam_title\";s:10:\"Mitra Alam\";s:27:\"page_mitra_alam_description\";s:866:\"<h1>MELINDUNGI <span>• MENGUBAH •</span> MENGINSPIRASI</h1> <p> Sebagai negara kepulauan terbesar di dunia, laut beserta isinya merupakan sumberdaya alam yang sangat penting bagi Indonesia. Ekosistem laut tidak hanya mendukung ekonomi lokal, tetapi juga memberikan perlindungan bagi masyarakat pesisir dengan meredam energi gelombang saat badai dan merupakan area untuk berkembang bagi ikan serta kehidupan laut lainnya. </p> <p> TNC bermitra dengan pemerintah, pihak swasta, akademisi dan masyarakat dari berbagai tingkatan untuk memastikan bahwa sumberdaya alam laut Indonesia dapat terkelola dengan baik demi kesejahteraan masyarakat saat ini maupun mendatang. Kami mendorong perbaikan tata kelola, kebijakan dan pemanfaatan sumberdaya laut pada berbagai tingkatan, dari tingkat tapak hingga nasional, menyeimbangkan pembangunan dan kebutuhan konservasi. </p>\";s:29:\"page_term_and_condition_title\";s:20:\"Syarat dan Ketentuan\";s:35:\"page_term_and_condition_description\";s:832:\"<h1>Syarat dan Ketentuan</h1> <p> Sebagai negara kepulauan terbesar di dunia, laut beserta isinya merupakan sumberdaya alam yang sangat penting bagi Indonesia. Ekosistem laut tidak hanya mendukung ekonomi lokal, tetapi juga memberikan perlindungan bagi masyarakat pesisir dengan meredam energi gelombang saat badai dan merupakan area untuk berkembang bagi ikan serta kehidupan laut lainnya. </p> <p> TNC bermitra dengan pemerintah, pihak swasta, akademisi dan masyarakat dari berbagai tingkatan untuk memastikan bahwa sumberdaya alam laut Indonesia dapat terkelola dengan baik demi kesejahteraan masyarakat saat ini maupun mendatang. Kami mendorong perbaikan tata kelola, kebijakan dan pemanfaatan sumberdaya laut pada berbagai tingkatan, dari tingkat tapak hingga nasional, menyeimbangkan pembangunan dan kebutuhan konservasi. </p>\";s:18:\"page_article_title\";s:7:\"Artikel\";s:23:\"page_media_social_title\";s:12:\"Media Sosial\";s:19:\"contact_field_phone\";s:15:\"Telepon Seluler\";s:18:\"contact_field_city\";s:4:\"Kota\";s:32:\"contact_field_term_and_condition\";s:39:\"Saya sudah membaca syarat dan ketentuan\";s:18:\"page_contact_title\";s:11:\"Kontak Kami\";s:18:\"page_privacy_title\";s:17:\"Kebijakan Privasi\";s:17:\"page_donate_title\";s:6:\"Donasi\";s:24:\"page_privacy_description\";s:829:\"<h1>Kebijakan Privasi</h1> <p> Sebagai negara kepulauan terbesar di dunia, laut beserta isinya merupakan sumberdaya alam yang sangat penting bagi Indonesia. Ekosistem laut tidak hanya mendukung ekonomi lokal, tetapi juga memberikan perlindungan bagi masyarakat pesisir dengan meredam energi gelombang saat badai dan merupakan area untuk berkembang bagi ikan serta kehidupan laut lainnya. </p> <p> TNC bermitra dengan pemerintah, pihak swasta, akademisi dan masyarakat dari berbagai tingkatan untuk memastikan bahwa sumberdaya alam laut Indonesia dapat terkelola dengan baik demi kesejahteraan masyarakat saat ini maupun mendatang. Kami mendorong perbaikan tata kelola, kebijakan dan pemanfaatan sumberdaya laut pada berbagai tingkatan, dari tingkat tapak hingga nasional, menyeimbangkan pembangunan dan kebutuhan konservasi. </p>\";s:13:\"related_title\";s:17:\"Informasi Terkait\";s:6:\"author\";s:7:\"Penulis\";s:22:\"featured_stories_title\";s:7:\"Sejarah\";s:17:\"latest_news_title\";s:14:\"Berita Terkini\";s:17:\"most_viewed_title\";s:17:\"Berita Terpopuler\";s:17:\"modal_popup_title\";s:9:\"Informasi\";s:22:\"facebook_like_me_title\";s:52:\"Berikan Dukungan Anda Dengan Like Facebook Page Kami\";}'),('6b1e47a0ef114617ea671c4746f9e11f1c48bc95','127.0.0.1',1483750825,'__ci_last_regenerate|i:1483750823;masterlanguage|a:2:{i:0;s:2:\"en\";i:1;s:2:\"id\";}current_lang|s:2:\"id\";translation|a:40:{s:23:\"contact_field_subscribe\";s:34:\"Saya ingin berlangganan Newsletter\";s:16:\"inbox_title_form\";s:20:\"Mari Bekerja Bersama\";s:20:\"inbox_required_alert\";s:11:\"wajib diisi\";s:19:\"sosmed_title_follow\";s:13:\"Ikuti kami di\";s:8:\"readmore\";s:12:\"selengkapnya\";s:18:\"page_program_title\";s:7:\"Program\";s:27:\"detail_program_sosmed_share\";s:21:\"Bagikan informasi ini\";s:22:\"contact_field_fullname\";s:12:\"Nama Lengkap\";s:21:\"contact_field_message\";s:11:\"Tulis Pesan\";s:20:\"contact_field_submit\";s:5:\"KIRIM\";s:13:\"contact_about\";s:710:\"Yayasan Konsevasi Alam Nusantara (YKAN) merupakan afiliasi lokal dari The Nature Conservancy (TNC), dan mendapatkan lisensi untuk menggunakan merek dan logo TNC di Indonesia. Di Indonesia, TNC telah bekerja dalam kemitraan konservasi dengan pemerintah, masyarakat dan sektor swasta selama lebih dari 25 tahun, memajukan solusi untuk perlindungan hayati, pengelolaan sumberdaya alam dan perubahan iklim untuk kepentingan masyarakat dan alam. Dengan menggunakan model-model pengelolaan sumberdaya alam yang berbasis sains, TNC memberikan solusi dalam penyusunan kebijakan dan mempengaruhi tata kerja dan kelola yang berakibat pada bertambahnya konservasi darat dan laut di Indonesia yang dikelola secara efektif.\";s:9:\"title_404\";s:22:\"Halaman Tidak Tersedia\";s:27:\"subscribe_success_duplicate\";s:43:\"Terima kasih anda sudah melakukan subscribe\";s:17:\"subscribe_success\";s:37:\"Terima kasih sudah menjadi subscriber\";s:19:\"contact_waitinglist\";s:112:\"Mohon tunggu, pesan Anda sebelumnya masih dalam daftar tunggu. Kami akan segera membalas pesan Anda. Terimakasih\";s:15:\"contact_success\";s:49:\"Terima kasih, pesan anda sudah berhasil terkirim.\";s:15:\"translation_404\";s:20:\"Translation Notfound\";s:16:\"page_about_title\";s:12:\"Tentang Kami\";s:17:\"page_about_teaser\";s:219:\"<h1><span>melestarikan</span> paru paru dunia.</h1> <h2 class=\"about-desc-1\">Kami bekerja dengan Anda untuk menciptakan efek positif di lebih dari 35 negara</h2> <h2 class=\"about-desc-2\">termasuk di Tanah Air kita.</h2>\";s:22:\"page_about_description\";s:866:\"<h1>MELINDUNGI <span>• MENGUBAH •</span> MENGINSPIRASI</h1> <p> Sebagai negara kepulauan terbesar di dunia, laut beserta isinya merupakan sumberdaya alam yang sangat penting bagi Indonesia. Ekosistem laut tidak hanya mendukung ekonomi lokal, tetapi juga memberikan perlindungan bagi masyarakat pesisir dengan meredam energi gelombang saat badai dan merupakan area untuk berkembang bagi ikan serta kehidupan laut lainnya. </p> <p> TNC bermitra dengan pemerintah, pihak swasta, akademisi dan masyarakat dari berbagai tingkatan untuk memastikan bahwa sumberdaya alam laut Indonesia dapat terkelola dengan baik demi kesejahteraan masyarakat saat ini maupun mendatang. Kami mendorong perbaikan tata kelola, kebijakan dan pemanfaatan sumberdaya laut pada berbagai tingkatan, dari tingkat tapak hingga nasional, menyeimbangkan pembangunan dan kebutuhan konservasi. </p>\";s:21:\"page_mitra_alam_title\";s:10:\"Mitra Alam\";s:27:\"page_mitra_alam_description\";s:866:\"<h1>MELINDUNGI <span>• MENGUBAH •</span> MENGINSPIRASI</h1> <p> Sebagai negara kepulauan terbesar di dunia, laut beserta isinya merupakan sumberdaya alam yang sangat penting bagi Indonesia. Ekosistem laut tidak hanya mendukung ekonomi lokal, tetapi juga memberikan perlindungan bagi masyarakat pesisir dengan meredam energi gelombang saat badai dan merupakan area untuk berkembang bagi ikan serta kehidupan laut lainnya. </p> <p> TNC bermitra dengan pemerintah, pihak swasta, akademisi dan masyarakat dari berbagai tingkatan untuk memastikan bahwa sumberdaya alam laut Indonesia dapat terkelola dengan baik demi kesejahteraan masyarakat saat ini maupun mendatang. Kami mendorong perbaikan tata kelola, kebijakan dan pemanfaatan sumberdaya laut pada berbagai tingkatan, dari tingkat tapak hingga nasional, menyeimbangkan pembangunan dan kebutuhan konservasi. </p>\";s:29:\"page_term_and_condition_title\";s:20:\"Syarat dan Ketentuan\";s:35:\"page_term_and_condition_description\";s:832:\"<h1>Syarat dan Ketentuan</h1> <p> Sebagai negara kepulauan terbesar di dunia, laut beserta isinya merupakan sumberdaya alam yang sangat penting bagi Indonesia. Ekosistem laut tidak hanya mendukung ekonomi lokal, tetapi juga memberikan perlindungan bagi masyarakat pesisir dengan meredam energi gelombang saat badai dan merupakan area untuk berkembang bagi ikan serta kehidupan laut lainnya. </p> <p> TNC bermitra dengan pemerintah, pihak swasta, akademisi dan masyarakat dari berbagai tingkatan untuk memastikan bahwa sumberdaya alam laut Indonesia dapat terkelola dengan baik demi kesejahteraan masyarakat saat ini maupun mendatang. Kami mendorong perbaikan tata kelola, kebijakan dan pemanfaatan sumberdaya laut pada berbagai tingkatan, dari tingkat tapak hingga nasional, menyeimbangkan pembangunan dan kebutuhan konservasi. </p>\";s:18:\"page_article_title\";s:7:\"Artikel\";s:23:\"page_media_social_title\";s:12:\"Media Sosial\";s:19:\"contact_field_phone\";s:15:\"Telepon Seluler\";s:18:\"contact_field_city\";s:4:\"Kota\";s:32:\"contact_field_term_and_condition\";s:39:\"Saya sudah membaca syarat dan ketentuan\";s:18:\"page_contact_title\";s:11:\"Kontak Kami\";s:18:\"page_privacy_title\";s:17:\"Kebijakan Privasi\";s:17:\"page_donate_title\";s:6:\"Donasi\";s:24:\"page_privacy_description\";s:829:\"<h1>Kebijakan Privasi</h1> <p> Sebagai negara kepulauan terbesar di dunia, laut beserta isinya merupakan sumberdaya alam yang sangat penting bagi Indonesia. Ekosistem laut tidak hanya mendukung ekonomi lokal, tetapi juga memberikan perlindungan bagi masyarakat pesisir dengan meredam energi gelombang saat badai dan merupakan area untuk berkembang bagi ikan serta kehidupan laut lainnya. </p> <p> TNC bermitra dengan pemerintah, pihak swasta, akademisi dan masyarakat dari berbagai tingkatan untuk memastikan bahwa sumberdaya alam laut Indonesia dapat terkelola dengan baik demi kesejahteraan masyarakat saat ini maupun mendatang. Kami mendorong perbaikan tata kelola, kebijakan dan pemanfaatan sumberdaya laut pada berbagai tingkatan, dari tingkat tapak hingga nasional, menyeimbangkan pembangunan dan kebutuhan konservasi. </p>\";s:13:\"related_title\";s:17:\"Informasi Terkait\";s:6:\"author\";s:7:\"Penulis\";s:22:\"featured_stories_title\";s:7:\"Sejarah\";s:17:\"latest_news_title\";s:14:\"Berita Terkini\";s:17:\"most_viewed_title\";s:17:\"Berita Terpopuler\";s:17:\"modal_popup_title\";s:9:\"Informasi\";s:22:\"facebook_like_me_title\";s:52:\"Berikan Dukungan Anda Dengan Like Facebook Page Kami\";}'),('a5c07ca70504ee4547ee574587b9c59a56d256b4','127.0.0.1',1483751864,'__ci_last_regenerate|i:1483751678;masterlanguage|a:2:{i:0;s:2:\"en\";i:1;s:2:\"id\";}current_lang|s:2:\"id\";translation|a:40:{s:23:\"contact_field_subscribe\";s:34:\"Saya ingin berlangganan Newsletter\";s:16:\"inbox_title_form\";s:20:\"Mari Bekerja Bersama\";s:20:\"inbox_required_alert\";s:11:\"wajib diisi\";s:19:\"sosmed_title_follow\";s:13:\"Ikuti kami di\";s:8:\"readmore\";s:12:\"selengkapnya\";s:18:\"page_program_title\";s:7:\"Program\";s:27:\"detail_program_sosmed_share\";s:21:\"Bagikan informasi ini\";s:22:\"contact_field_fullname\";s:12:\"Nama Lengkap\";s:21:\"contact_field_message\";s:11:\"Tulis Pesan\";s:20:\"contact_field_submit\";s:5:\"KIRIM\";s:13:\"contact_about\";s:710:\"Yayasan Konsevasi Alam Nusantara (YKAN) merupakan afiliasi lokal dari The Nature Conservancy (TNC), dan mendapatkan lisensi untuk menggunakan merek dan logo TNC di Indonesia. Di Indonesia, TNC telah bekerja dalam kemitraan konservasi dengan pemerintah, masyarakat dan sektor swasta selama lebih dari 25 tahun, memajukan solusi untuk perlindungan hayati, pengelolaan sumberdaya alam dan perubahan iklim untuk kepentingan masyarakat dan alam. Dengan menggunakan model-model pengelolaan sumberdaya alam yang berbasis sains, TNC memberikan solusi dalam penyusunan kebijakan dan mempengaruhi tata kerja dan kelola yang berakibat pada bertambahnya konservasi darat dan laut di Indonesia yang dikelola secara efektif.\";s:9:\"title_404\";s:22:\"Halaman Tidak Tersedia\";s:27:\"subscribe_success_duplicate\";s:43:\"Terima kasih anda sudah melakukan subscribe\";s:17:\"subscribe_success\";s:37:\"Terima kasih sudah menjadi subscriber\";s:19:\"contact_waitinglist\";s:112:\"Mohon tunggu, pesan Anda sebelumnya masih dalam daftar tunggu. Kami akan segera membalas pesan Anda. Terimakasih\";s:15:\"contact_success\";s:49:\"Terima kasih, pesan anda sudah berhasil terkirim.\";s:15:\"translation_404\";s:20:\"Translation Notfound\";s:16:\"page_about_title\";s:12:\"Tentang Kami\";s:17:\"page_about_teaser\";s:219:\"<h1><span>melestarikan</span> paru paru dunia.</h1> <h2 class=\"about-desc-1\">Kami bekerja dengan Anda untuk menciptakan efek positif di lebih dari 35 negara</h2> <h2 class=\"about-desc-2\">termasuk di Tanah Air kita.</h2>\";s:22:\"page_about_description\";s:866:\"<h1>MELINDUNGI <span>• MENGUBAH •</span> MENGINSPIRASI</h1> <p> Sebagai negara kepulauan terbesar di dunia, laut beserta isinya merupakan sumberdaya alam yang sangat penting bagi Indonesia. Ekosistem laut tidak hanya mendukung ekonomi lokal, tetapi juga memberikan perlindungan bagi masyarakat pesisir dengan meredam energi gelombang saat badai dan merupakan area untuk berkembang bagi ikan serta kehidupan laut lainnya. </p> <p> TNC bermitra dengan pemerintah, pihak swasta, akademisi dan masyarakat dari berbagai tingkatan untuk memastikan bahwa sumberdaya alam laut Indonesia dapat terkelola dengan baik demi kesejahteraan masyarakat saat ini maupun mendatang. Kami mendorong perbaikan tata kelola, kebijakan dan pemanfaatan sumberdaya laut pada berbagai tingkatan, dari tingkat tapak hingga nasional, menyeimbangkan pembangunan dan kebutuhan konservasi. </p>\";s:21:\"page_mitra_alam_title\";s:10:\"Mitra Alam\";s:27:\"page_mitra_alam_description\";s:866:\"<h1>MELINDUNGI <span>• MENGUBAH •</span> MENGINSPIRASI</h1> <p> Sebagai negara kepulauan terbesar di dunia, laut beserta isinya merupakan sumberdaya alam yang sangat penting bagi Indonesia. Ekosistem laut tidak hanya mendukung ekonomi lokal, tetapi juga memberikan perlindungan bagi masyarakat pesisir dengan meredam energi gelombang saat badai dan merupakan area untuk berkembang bagi ikan serta kehidupan laut lainnya. </p> <p> TNC bermitra dengan pemerintah, pihak swasta, akademisi dan masyarakat dari berbagai tingkatan untuk memastikan bahwa sumberdaya alam laut Indonesia dapat terkelola dengan baik demi kesejahteraan masyarakat saat ini maupun mendatang. Kami mendorong perbaikan tata kelola, kebijakan dan pemanfaatan sumberdaya laut pada berbagai tingkatan, dari tingkat tapak hingga nasional, menyeimbangkan pembangunan dan kebutuhan konservasi. </p>\";s:29:\"page_term_and_condition_title\";s:20:\"Syarat dan Ketentuan\";s:35:\"page_term_and_condition_description\";s:832:\"<h1>Syarat dan Ketentuan</h1> <p> Sebagai negara kepulauan terbesar di dunia, laut beserta isinya merupakan sumberdaya alam yang sangat penting bagi Indonesia. Ekosistem laut tidak hanya mendukung ekonomi lokal, tetapi juga memberikan perlindungan bagi masyarakat pesisir dengan meredam energi gelombang saat badai dan merupakan area untuk berkembang bagi ikan serta kehidupan laut lainnya. </p> <p> TNC bermitra dengan pemerintah, pihak swasta, akademisi dan masyarakat dari berbagai tingkatan untuk memastikan bahwa sumberdaya alam laut Indonesia dapat terkelola dengan baik demi kesejahteraan masyarakat saat ini maupun mendatang. Kami mendorong perbaikan tata kelola, kebijakan dan pemanfaatan sumberdaya laut pada berbagai tingkatan, dari tingkat tapak hingga nasional, menyeimbangkan pembangunan dan kebutuhan konservasi. </p>\";s:18:\"page_article_title\";s:7:\"Artikel\";s:23:\"page_media_social_title\";s:12:\"Media Sosial\";s:19:\"contact_field_phone\";s:15:\"Telepon Seluler\";s:18:\"contact_field_city\";s:4:\"Kota\";s:32:\"contact_field_term_and_condition\";s:39:\"Saya sudah membaca syarat dan ketentuan\";s:18:\"page_contact_title\";s:11:\"Kontak Kami\";s:18:\"page_privacy_title\";s:17:\"Kebijakan Privasi\";s:17:\"page_donate_title\";s:6:\"Donasi\";s:24:\"page_privacy_description\";s:829:\"<h1>Kebijakan Privasi</h1> <p> Sebagai negara kepulauan terbesar di dunia, laut beserta isinya merupakan sumberdaya alam yang sangat penting bagi Indonesia. Ekosistem laut tidak hanya mendukung ekonomi lokal, tetapi juga memberikan perlindungan bagi masyarakat pesisir dengan meredam energi gelombang saat badai dan merupakan area untuk berkembang bagi ikan serta kehidupan laut lainnya. </p> <p> TNC bermitra dengan pemerintah, pihak swasta, akademisi dan masyarakat dari berbagai tingkatan untuk memastikan bahwa sumberdaya alam laut Indonesia dapat terkelola dengan baik demi kesejahteraan masyarakat saat ini maupun mendatang. Kami mendorong perbaikan tata kelola, kebijakan dan pemanfaatan sumberdaya laut pada berbagai tingkatan, dari tingkat tapak hingga nasional, menyeimbangkan pembangunan dan kebutuhan konservasi. </p>\";s:13:\"related_title\";s:17:\"Informasi Terkait\";s:6:\"author\";s:7:\"Penulis\";s:22:\"featured_stories_title\";s:7:\"Sejarah\";s:17:\"latest_news_title\";s:14:\"Berita Terkini\";s:17:\"most_viewed_title\";s:17:\"Berita Terpopuler\";s:17:\"modal_popup_title\";s:9:\"Informasi\";s:22:\"facebook_like_me_title\";s:52:\"Berikan Dukungan Anda Dengan Like Facebook Page Kami\";}'),('2b373a5d1c6dcfd841f4ee448212a33f606c07a3','127.0.0.1',1483752411,'__ci_last_regenerate|i:1483752139;masterlanguage|a:2:{i:0;s:2:\"en\";i:1;s:2:\"id\";}current_lang|s:2:\"id\";translation|a:40:{s:23:\"contact_field_subscribe\";s:34:\"Saya ingin berlangganan Newsletter\";s:16:\"inbox_title_form\";s:20:\"Mari Bekerja Bersama\";s:20:\"inbox_required_alert\";s:11:\"wajib diisi\";s:19:\"sosmed_title_follow\";s:13:\"Ikuti kami di\";s:8:\"readmore\";s:12:\"selengkapnya\";s:18:\"page_program_title\";s:7:\"Program\";s:27:\"detail_program_sosmed_share\";s:21:\"Bagikan informasi ini\";s:22:\"contact_field_fullname\";s:12:\"Nama Lengkap\";s:21:\"contact_field_message\";s:11:\"Tulis Pesan\";s:20:\"contact_field_submit\";s:5:\"KIRIM\";s:13:\"contact_about\";s:710:\"Yayasan Konsevasi Alam Nusantara (YKAN) merupakan afiliasi lokal dari The Nature Conservancy (TNC), dan mendapatkan lisensi untuk menggunakan merek dan logo TNC di Indonesia. Di Indonesia, TNC telah bekerja dalam kemitraan konservasi dengan pemerintah, masyarakat dan sektor swasta selama lebih dari 25 tahun, memajukan solusi untuk perlindungan hayati, pengelolaan sumberdaya alam dan perubahan iklim untuk kepentingan masyarakat dan alam. Dengan menggunakan model-model pengelolaan sumberdaya alam yang berbasis sains, TNC memberikan solusi dalam penyusunan kebijakan dan mempengaruhi tata kerja dan kelola yang berakibat pada bertambahnya konservasi darat dan laut di Indonesia yang dikelola secara efektif.\";s:9:\"title_404\";s:22:\"Halaman Tidak Tersedia\";s:27:\"subscribe_success_duplicate\";s:43:\"Terima kasih anda sudah melakukan subscribe\";s:17:\"subscribe_success\";s:37:\"Terima kasih sudah menjadi subscriber\";s:19:\"contact_waitinglist\";s:112:\"Mohon tunggu, pesan Anda sebelumnya masih dalam daftar tunggu. Kami akan segera membalas pesan Anda. Terimakasih\";s:15:\"contact_success\";s:49:\"Terima kasih, pesan anda sudah berhasil terkirim.\";s:15:\"translation_404\";s:20:\"Translation Notfound\";s:16:\"page_about_title\";s:12:\"Tentang Kami\";s:17:\"page_about_teaser\";s:219:\"<h1><span>melestarikan</span> paru paru dunia.</h1> <h2 class=\"about-desc-1\">Kami bekerja dengan Anda untuk menciptakan efek positif di lebih dari 35 negara</h2> <h2 class=\"about-desc-2\">termasuk di Tanah Air kita.</h2>\";s:22:\"page_about_description\";s:866:\"<h1>MELINDUNGI <span>• MENGUBAH •</span> MENGINSPIRASI</h1> <p> Sebagai negara kepulauan terbesar di dunia, laut beserta isinya merupakan sumberdaya alam yang sangat penting bagi Indonesia. Ekosistem laut tidak hanya mendukung ekonomi lokal, tetapi juga memberikan perlindungan bagi masyarakat pesisir dengan meredam energi gelombang saat badai dan merupakan area untuk berkembang bagi ikan serta kehidupan laut lainnya. </p> <p> TNC bermitra dengan pemerintah, pihak swasta, akademisi dan masyarakat dari berbagai tingkatan untuk memastikan bahwa sumberdaya alam laut Indonesia dapat terkelola dengan baik demi kesejahteraan masyarakat saat ini maupun mendatang. Kami mendorong perbaikan tata kelola, kebijakan dan pemanfaatan sumberdaya laut pada berbagai tingkatan, dari tingkat tapak hingga nasional, menyeimbangkan pembangunan dan kebutuhan konservasi. </p>\";s:21:\"page_mitra_alam_title\";s:10:\"Mitra Alam\";s:27:\"page_mitra_alam_description\";s:866:\"<h1>MELINDUNGI <span>• MENGUBAH •</span> MENGINSPIRASI</h1> <p> Sebagai negara kepulauan terbesar di dunia, laut beserta isinya merupakan sumberdaya alam yang sangat penting bagi Indonesia. Ekosistem laut tidak hanya mendukung ekonomi lokal, tetapi juga memberikan perlindungan bagi masyarakat pesisir dengan meredam energi gelombang saat badai dan merupakan area untuk berkembang bagi ikan serta kehidupan laut lainnya. </p> <p> TNC bermitra dengan pemerintah, pihak swasta, akademisi dan masyarakat dari berbagai tingkatan untuk memastikan bahwa sumberdaya alam laut Indonesia dapat terkelola dengan baik demi kesejahteraan masyarakat saat ini maupun mendatang. Kami mendorong perbaikan tata kelola, kebijakan dan pemanfaatan sumberdaya laut pada berbagai tingkatan, dari tingkat tapak hingga nasional, menyeimbangkan pembangunan dan kebutuhan konservasi. </p>\";s:29:\"page_term_and_condition_title\";s:20:\"Syarat dan Ketentuan\";s:35:\"page_term_and_condition_description\";s:832:\"<h1>Syarat dan Ketentuan</h1> <p> Sebagai negara kepulauan terbesar di dunia, laut beserta isinya merupakan sumberdaya alam yang sangat penting bagi Indonesia. Ekosistem laut tidak hanya mendukung ekonomi lokal, tetapi juga memberikan perlindungan bagi masyarakat pesisir dengan meredam energi gelombang saat badai dan merupakan area untuk berkembang bagi ikan serta kehidupan laut lainnya. </p> <p> TNC bermitra dengan pemerintah, pihak swasta, akademisi dan masyarakat dari berbagai tingkatan untuk memastikan bahwa sumberdaya alam laut Indonesia dapat terkelola dengan baik demi kesejahteraan masyarakat saat ini maupun mendatang. Kami mendorong perbaikan tata kelola, kebijakan dan pemanfaatan sumberdaya laut pada berbagai tingkatan, dari tingkat tapak hingga nasional, menyeimbangkan pembangunan dan kebutuhan konservasi. </p>\";s:18:\"page_article_title\";s:7:\"Artikel\";s:23:\"page_media_social_title\";s:12:\"Media Sosial\";s:19:\"contact_field_phone\";s:15:\"Telepon Seluler\";s:18:\"contact_field_city\";s:4:\"Kota\";s:32:\"contact_field_term_and_condition\";s:39:\"Saya sudah membaca syarat dan ketentuan\";s:18:\"page_contact_title\";s:11:\"Kontak Kami\";s:18:\"page_privacy_title\";s:17:\"Kebijakan Privasi\";s:17:\"page_donate_title\";s:6:\"Donasi\";s:24:\"page_privacy_description\";s:829:\"<h1>Kebijakan Privasi</h1> <p> Sebagai negara kepulauan terbesar di dunia, laut beserta isinya merupakan sumberdaya alam yang sangat penting bagi Indonesia. Ekosistem laut tidak hanya mendukung ekonomi lokal, tetapi juga memberikan perlindungan bagi masyarakat pesisir dengan meredam energi gelombang saat badai dan merupakan area untuk berkembang bagi ikan serta kehidupan laut lainnya. </p> <p> TNC bermitra dengan pemerintah, pihak swasta, akademisi dan masyarakat dari berbagai tingkatan untuk memastikan bahwa sumberdaya alam laut Indonesia dapat terkelola dengan baik demi kesejahteraan masyarakat saat ini maupun mendatang. Kami mendorong perbaikan tata kelola, kebijakan dan pemanfaatan sumberdaya laut pada berbagai tingkatan, dari tingkat tapak hingga nasional, menyeimbangkan pembangunan dan kebutuhan konservasi. </p>\";s:13:\"related_title\";s:17:\"Informasi Terkait\";s:6:\"author\";s:7:\"Penulis\";s:22:\"featured_stories_title\";s:7:\"Sejarah\";s:17:\"latest_news_title\";s:14:\"Berita Terkini\";s:17:\"most_viewed_title\";s:17:\"Berita Terpopuler\";s:17:\"modal_popup_title\";s:9:\"Informasi\";s:22:\"facebook_like_me_title\";s:52:\"Berikan Dukungan Anda Dengan Like Facebook Page Kami\";}'),('5060b182978c6c5eecb806028b243ee021a814d2','127.0.0.1',1483752741,'__ci_last_regenerate|i:1483752443;masterlanguage|a:2:{i:0;s:2:\"en\";i:1;s:2:\"id\";}current_lang|s:2:\"id\";translation|a:40:{s:23:\"contact_field_subscribe\";s:34:\"Saya ingin berlangganan Newsletter\";s:16:\"inbox_title_form\";s:20:\"Mari Bekerja Bersama\";s:20:\"inbox_required_alert\";s:11:\"wajib diisi\";s:19:\"sosmed_title_follow\";s:13:\"Ikuti kami di\";s:8:\"readmore\";s:12:\"selengkapnya\";s:18:\"page_program_title\";s:7:\"Program\";s:27:\"detail_program_sosmed_share\";s:21:\"Bagikan informasi ini\";s:22:\"contact_field_fullname\";s:12:\"Nama Lengkap\";s:21:\"contact_field_message\";s:11:\"Tulis Pesan\";s:20:\"contact_field_submit\";s:5:\"KIRIM\";s:13:\"contact_about\";s:710:\"Yayasan Konsevasi Alam Nusantara (YKAN) merupakan afiliasi lokal dari The Nature Conservancy (TNC), dan mendapatkan lisensi untuk menggunakan merek dan logo TNC di Indonesia. Di Indonesia, TNC telah bekerja dalam kemitraan konservasi dengan pemerintah, masyarakat dan sektor swasta selama lebih dari 25 tahun, memajukan solusi untuk perlindungan hayati, pengelolaan sumberdaya alam dan perubahan iklim untuk kepentingan masyarakat dan alam. Dengan menggunakan model-model pengelolaan sumberdaya alam yang berbasis sains, TNC memberikan solusi dalam penyusunan kebijakan dan mempengaruhi tata kerja dan kelola yang berakibat pada bertambahnya konservasi darat dan laut di Indonesia yang dikelola secara efektif.\";s:9:\"title_404\";s:22:\"Halaman Tidak Tersedia\";s:27:\"subscribe_success_duplicate\";s:43:\"Terima kasih anda sudah melakukan subscribe\";s:17:\"subscribe_success\";s:37:\"Terima kasih sudah menjadi subscriber\";s:19:\"contact_waitinglist\";s:112:\"Mohon tunggu, pesan Anda sebelumnya masih dalam daftar tunggu. Kami akan segera membalas pesan Anda. Terimakasih\";s:15:\"contact_success\";s:49:\"Terima kasih, pesan anda sudah berhasil terkirim.\";s:15:\"translation_404\";s:20:\"Translation Notfound\";s:16:\"page_about_title\";s:12:\"Tentang Kami\";s:17:\"page_about_teaser\";s:219:\"<h1><span>melestarikan</span> paru paru dunia.</h1> <h2 class=\"about-desc-1\">Kami bekerja dengan Anda untuk menciptakan efek positif di lebih dari 35 negara</h2> <h2 class=\"about-desc-2\">termasuk di Tanah Air kita.</h2>\";s:22:\"page_about_description\";s:866:\"<h1>MELINDUNGI <span>• MENGUBAH •</span> MENGINSPIRASI</h1> <p> Sebagai negara kepulauan terbesar di dunia, laut beserta isinya merupakan sumberdaya alam yang sangat penting bagi Indonesia. Ekosistem laut tidak hanya mendukung ekonomi lokal, tetapi juga memberikan perlindungan bagi masyarakat pesisir dengan meredam energi gelombang saat badai dan merupakan area untuk berkembang bagi ikan serta kehidupan laut lainnya. </p> <p> TNC bermitra dengan pemerintah, pihak swasta, akademisi dan masyarakat dari berbagai tingkatan untuk memastikan bahwa sumberdaya alam laut Indonesia dapat terkelola dengan baik demi kesejahteraan masyarakat saat ini maupun mendatang. Kami mendorong perbaikan tata kelola, kebijakan dan pemanfaatan sumberdaya laut pada berbagai tingkatan, dari tingkat tapak hingga nasional, menyeimbangkan pembangunan dan kebutuhan konservasi. </p>\";s:21:\"page_mitra_alam_title\";s:10:\"Mitra Alam\";s:27:\"page_mitra_alam_description\";s:866:\"<h1>MELINDUNGI <span>• MENGUBAH •</span> MENGINSPIRASI</h1> <p> Sebagai negara kepulauan terbesar di dunia, laut beserta isinya merupakan sumberdaya alam yang sangat penting bagi Indonesia. Ekosistem laut tidak hanya mendukung ekonomi lokal, tetapi juga memberikan perlindungan bagi masyarakat pesisir dengan meredam energi gelombang saat badai dan merupakan area untuk berkembang bagi ikan serta kehidupan laut lainnya. </p> <p> TNC bermitra dengan pemerintah, pihak swasta, akademisi dan masyarakat dari berbagai tingkatan untuk memastikan bahwa sumberdaya alam laut Indonesia dapat terkelola dengan baik demi kesejahteraan masyarakat saat ini maupun mendatang. Kami mendorong perbaikan tata kelola, kebijakan dan pemanfaatan sumberdaya laut pada berbagai tingkatan, dari tingkat tapak hingga nasional, menyeimbangkan pembangunan dan kebutuhan konservasi. </p>\";s:29:\"page_term_and_condition_title\";s:20:\"Syarat dan Ketentuan\";s:35:\"page_term_and_condition_description\";s:832:\"<h1>Syarat dan Ketentuan</h1> <p> Sebagai negara kepulauan terbesar di dunia, laut beserta isinya merupakan sumberdaya alam yang sangat penting bagi Indonesia. Ekosistem laut tidak hanya mendukung ekonomi lokal, tetapi juga memberikan perlindungan bagi masyarakat pesisir dengan meredam energi gelombang saat badai dan merupakan area untuk berkembang bagi ikan serta kehidupan laut lainnya. </p> <p> TNC bermitra dengan pemerintah, pihak swasta, akademisi dan masyarakat dari berbagai tingkatan untuk memastikan bahwa sumberdaya alam laut Indonesia dapat terkelola dengan baik demi kesejahteraan masyarakat saat ini maupun mendatang. Kami mendorong perbaikan tata kelola, kebijakan dan pemanfaatan sumberdaya laut pada berbagai tingkatan, dari tingkat tapak hingga nasional, menyeimbangkan pembangunan dan kebutuhan konservasi. </p>\";s:18:\"page_article_title\";s:7:\"Artikel\";s:23:\"page_media_social_title\";s:12:\"Media Sosial\";s:19:\"contact_field_phone\";s:15:\"Telepon Seluler\";s:18:\"contact_field_city\";s:4:\"Kota\";s:32:\"contact_field_term_and_condition\";s:39:\"Saya sudah membaca syarat dan ketentuan\";s:18:\"page_contact_title\";s:11:\"Kontak Kami\";s:18:\"page_privacy_title\";s:17:\"Kebijakan Privasi\";s:17:\"page_donate_title\";s:6:\"Donasi\";s:24:\"page_privacy_description\";s:829:\"<h1>Kebijakan Privasi</h1> <p> Sebagai negara kepulauan terbesar di dunia, laut beserta isinya merupakan sumberdaya alam yang sangat penting bagi Indonesia. Ekosistem laut tidak hanya mendukung ekonomi lokal, tetapi juga memberikan perlindungan bagi masyarakat pesisir dengan meredam energi gelombang saat badai dan merupakan area untuk berkembang bagi ikan serta kehidupan laut lainnya. </p> <p> TNC bermitra dengan pemerintah, pihak swasta, akademisi dan masyarakat dari berbagai tingkatan untuk memastikan bahwa sumberdaya alam laut Indonesia dapat terkelola dengan baik demi kesejahteraan masyarakat saat ini maupun mendatang. Kami mendorong perbaikan tata kelola, kebijakan dan pemanfaatan sumberdaya laut pada berbagai tingkatan, dari tingkat tapak hingga nasional, menyeimbangkan pembangunan dan kebutuhan konservasi. </p>\";s:13:\"related_title\";s:17:\"Informasi Terkait\";s:6:\"author\";s:7:\"Penulis\";s:22:\"featured_stories_title\";s:7:\"Sejarah\";s:17:\"latest_news_title\";s:14:\"Berita Terkini\";s:17:\"most_viewed_title\";s:17:\"Berita Terpopuler\";s:17:\"modal_popup_title\";s:9:\"Informasi\";s:22:\"facebook_like_me_title\";s:52:\"Berikan Dukungan Anda Dengan Like Facebook Page Kami\";}'),('f7370ac12cfbe2ca6bef6d8dbbfc5ea3cd3e886d','127.0.0.1',1483753238,'__ci_last_regenerate|i:1483752945;masterlanguage|a:2:{i:0;s:2:\"en\";i:1;s:2:\"id\";}current_lang|s:2:\"id\";translation|a:40:{s:23:\"contact_field_subscribe\";s:34:\"Saya ingin berlangganan Newsletter\";s:16:\"inbox_title_form\";s:20:\"Mari Bekerja Bersama\";s:20:\"inbox_required_alert\";s:11:\"wajib diisi\";s:19:\"sosmed_title_follow\";s:13:\"Ikuti kami di\";s:8:\"readmore\";s:12:\"selengkapnya\";s:18:\"page_program_title\";s:7:\"Program\";s:27:\"detail_program_sosmed_share\";s:21:\"Bagikan informasi ini\";s:22:\"contact_field_fullname\";s:12:\"Nama Lengkap\";s:21:\"contact_field_message\";s:11:\"Tulis Pesan\";s:20:\"contact_field_submit\";s:5:\"KIRIM\";s:13:\"contact_about\";s:710:\"Yayasan Konsevasi Alam Nusantara (YKAN) merupakan afiliasi lokal dari The Nature Conservancy (TNC), dan mendapatkan lisensi untuk menggunakan merek dan logo TNC di Indonesia. Di Indonesia, TNC telah bekerja dalam kemitraan konservasi dengan pemerintah, masyarakat dan sektor swasta selama lebih dari 25 tahun, memajukan solusi untuk perlindungan hayati, pengelolaan sumberdaya alam dan perubahan iklim untuk kepentingan masyarakat dan alam. Dengan menggunakan model-model pengelolaan sumberdaya alam yang berbasis sains, TNC memberikan solusi dalam penyusunan kebijakan dan mempengaruhi tata kerja dan kelola yang berakibat pada bertambahnya konservasi darat dan laut di Indonesia yang dikelola secara efektif.\";s:9:\"title_404\";s:22:\"Halaman Tidak Tersedia\";s:27:\"subscribe_success_duplicate\";s:43:\"Terima kasih anda sudah melakukan subscribe\";s:17:\"subscribe_success\";s:37:\"Terima kasih sudah menjadi subscriber\";s:19:\"contact_waitinglist\";s:112:\"Mohon tunggu, pesan Anda sebelumnya masih dalam daftar tunggu. Kami akan segera membalas pesan Anda. Terimakasih\";s:15:\"contact_success\";s:49:\"Terima kasih, pesan anda sudah berhasil terkirim.\";s:15:\"translation_404\";s:20:\"Translation Notfound\";s:16:\"page_about_title\";s:12:\"Tentang Kami\";s:17:\"page_about_teaser\";s:219:\"<h1><span>melestarikan</span> paru paru dunia.</h1> <h2 class=\"about-desc-1\">Kami bekerja dengan Anda untuk menciptakan efek positif di lebih dari 35 negara</h2> <h2 class=\"about-desc-2\">termasuk di Tanah Air kita.</h2>\";s:22:\"page_about_description\";s:866:\"<h1>MELINDUNGI <span>• MENGUBAH •</span> MENGINSPIRASI</h1> <p> Sebagai negara kepulauan terbesar di dunia, laut beserta isinya merupakan sumberdaya alam yang sangat penting bagi Indonesia. Ekosistem laut tidak hanya mendukung ekonomi lokal, tetapi juga memberikan perlindungan bagi masyarakat pesisir dengan meredam energi gelombang saat badai dan merupakan area untuk berkembang bagi ikan serta kehidupan laut lainnya. </p> <p> TNC bermitra dengan pemerintah, pihak swasta, akademisi dan masyarakat dari berbagai tingkatan untuk memastikan bahwa sumberdaya alam laut Indonesia dapat terkelola dengan baik demi kesejahteraan masyarakat saat ini maupun mendatang. Kami mendorong perbaikan tata kelola, kebijakan dan pemanfaatan sumberdaya laut pada berbagai tingkatan, dari tingkat tapak hingga nasional, menyeimbangkan pembangunan dan kebutuhan konservasi. </p>\";s:21:\"page_mitra_alam_title\";s:10:\"Mitra Alam\";s:27:\"page_mitra_alam_description\";s:866:\"<h1>MELINDUNGI <span>• MENGUBAH •</span> MENGINSPIRASI</h1> <p> Sebagai negara kepulauan terbesar di dunia, laut beserta isinya merupakan sumberdaya alam yang sangat penting bagi Indonesia. Ekosistem laut tidak hanya mendukung ekonomi lokal, tetapi juga memberikan perlindungan bagi masyarakat pesisir dengan meredam energi gelombang saat badai dan merupakan area untuk berkembang bagi ikan serta kehidupan laut lainnya. </p> <p> TNC bermitra dengan pemerintah, pihak swasta, akademisi dan masyarakat dari berbagai tingkatan untuk memastikan bahwa sumberdaya alam laut Indonesia dapat terkelola dengan baik demi kesejahteraan masyarakat saat ini maupun mendatang. Kami mendorong perbaikan tata kelola, kebijakan dan pemanfaatan sumberdaya laut pada berbagai tingkatan, dari tingkat tapak hingga nasional, menyeimbangkan pembangunan dan kebutuhan konservasi. </p>\";s:29:\"page_term_and_condition_title\";s:20:\"Syarat dan Ketentuan\";s:35:\"page_term_and_condition_description\";s:832:\"<h1>Syarat dan Ketentuan</h1> <p> Sebagai negara kepulauan terbesar di dunia, laut beserta isinya merupakan sumberdaya alam yang sangat penting bagi Indonesia. Ekosistem laut tidak hanya mendukung ekonomi lokal, tetapi juga memberikan perlindungan bagi masyarakat pesisir dengan meredam energi gelombang saat badai dan merupakan area untuk berkembang bagi ikan serta kehidupan laut lainnya. </p> <p> TNC bermitra dengan pemerintah, pihak swasta, akademisi dan masyarakat dari berbagai tingkatan untuk memastikan bahwa sumberdaya alam laut Indonesia dapat terkelola dengan baik demi kesejahteraan masyarakat saat ini maupun mendatang. Kami mendorong perbaikan tata kelola, kebijakan dan pemanfaatan sumberdaya laut pada berbagai tingkatan, dari tingkat tapak hingga nasional, menyeimbangkan pembangunan dan kebutuhan konservasi. </p>\";s:18:\"page_article_title\";s:7:\"Artikel\";s:23:\"page_media_social_title\";s:12:\"Media Sosial\";s:19:\"contact_field_phone\";s:15:\"Telepon Seluler\";s:18:\"contact_field_city\";s:4:\"Kota\";s:32:\"contact_field_term_and_condition\";s:39:\"Saya sudah membaca syarat dan ketentuan\";s:18:\"page_contact_title\";s:11:\"Kontak Kami\";s:18:\"page_privacy_title\";s:17:\"Kebijakan Privasi\";s:17:\"page_donate_title\";s:6:\"Donasi\";s:24:\"page_privacy_description\";s:829:\"<h1>Kebijakan Privasi</h1> <p> Sebagai negara kepulauan terbesar di dunia, laut beserta isinya merupakan sumberdaya alam yang sangat penting bagi Indonesia. Ekosistem laut tidak hanya mendukung ekonomi lokal, tetapi juga memberikan perlindungan bagi masyarakat pesisir dengan meredam energi gelombang saat badai dan merupakan area untuk berkembang bagi ikan serta kehidupan laut lainnya. </p> <p> TNC bermitra dengan pemerintah, pihak swasta, akademisi dan masyarakat dari berbagai tingkatan untuk memastikan bahwa sumberdaya alam laut Indonesia dapat terkelola dengan baik demi kesejahteraan masyarakat saat ini maupun mendatang. Kami mendorong perbaikan tata kelola, kebijakan dan pemanfaatan sumberdaya laut pada berbagai tingkatan, dari tingkat tapak hingga nasional, menyeimbangkan pembangunan dan kebutuhan konservasi. </p>\";s:13:\"related_title\";s:17:\"Informasi Terkait\";s:6:\"author\";s:7:\"Penulis\";s:22:\"featured_stories_title\";s:7:\"Sejarah\";s:17:\"latest_news_title\";s:14:\"Berita Terkini\";s:17:\"most_viewed_title\";s:17:\"Berita Terpopuler\";s:17:\"modal_popup_title\";s:9:\"Informasi\";s:22:\"facebook_like_me_title\";s:52:\"Berikan Dukungan Anda Dengan Like Facebook Page Kami\";}'),('58ac0db8e09417d3affbab08e3b4addf6c805986','127.0.0.1',1483753545,'__ci_last_regenerate|i:1483753304;masterlanguage|a:2:{i:0;s:2:\"en\";i:1;s:2:\"id\";}current_lang|s:2:\"id\";translation|a:41:{s:23:\"contact_field_subscribe\";s:34:\"Saya ingin berlangganan Newsletter\";s:16:\"inbox_title_form\";s:20:\"Mari Bekerja Bersama\";s:20:\"inbox_required_alert\";s:11:\"wajib diisi\";s:19:\"sosmed_title_follow\";s:13:\"Ikuti kami di\";s:8:\"readmore\";s:12:\"selengkapnya\";s:18:\"page_program_title\";s:7:\"Program\";s:27:\"detail_program_sosmed_share\";s:21:\"Bagikan informasi ini\";s:22:\"contact_field_fullname\";s:12:\"Nama Lengkap\";s:21:\"contact_field_message\";s:11:\"Tulis Pesan\";s:20:\"contact_field_submit\";s:5:\"KIRIM\";s:13:\"contact_about\";s:710:\"Yayasan Konsevasi Alam Nusantara (YKAN) merupakan afiliasi lokal dari The Nature Conservancy (TNC), dan mendapatkan lisensi untuk menggunakan merek dan logo TNC di Indonesia. Di Indonesia, TNC telah bekerja dalam kemitraan konservasi dengan pemerintah, masyarakat dan sektor swasta selama lebih dari 25 tahun, memajukan solusi untuk perlindungan hayati, pengelolaan sumberdaya alam dan perubahan iklim untuk kepentingan masyarakat dan alam. Dengan menggunakan model-model pengelolaan sumberdaya alam yang berbasis sains, TNC memberikan solusi dalam penyusunan kebijakan dan mempengaruhi tata kerja dan kelola yang berakibat pada bertambahnya konservasi darat dan laut di Indonesia yang dikelola secara efektif.\";s:9:\"title_404\";s:22:\"Halaman Tidak Tersedia\";s:27:\"subscribe_success_duplicate\";s:43:\"Terima kasih anda sudah melakukan subscribe\";s:17:\"subscribe_success\";s:37:\"Terima kasih sudah menjadi subscriber\";s:19:\"contact_waitinglist\";s:112:\"Mohon tunggu, pesan Anda sebelumnya masih dalam daftar tunggu. Kami akan segera membalas pesan Anda. Terimakasih\";s:15:\"contact_success\";s:49:\"Terima kasih, pesan anda sudah berhasil terkirim.\";s:15:\"translation_404\";s:20:\"Translation Notfound\";s:16:\"page_about_title\";s:12:\"Tentang Kami\";s:17:\"page_about_teaser\";s:219:\"<h1><span>melestarikan</span> paru paru dunia.</h1> <h2 class=\"about-desc-1\">Kami bekerja dengan Anda untuk menciptakan efek positif di lebih dari 35 negara</h2> <h2 class=\"about-desc-2\">termasuk di Tanah Air kita.</h2>\";s:22:\"page_about_description\";s:866:\"<h1>MELINDUNGI <span>• MENGUBAH •</span> MENGINSPIRASI</h1> <p> Sebagai negara kepulauan terbesar di dunia, laut beserta isinya merupakan sumberdaya alam yang sangat penting bagi Indonesia. Ekosistem laut tidak hanya mendukung ekonomi lokal, tetapi juga memberikan perlindungan bagi masyarakat pesisir dengan meredam energi gelombang saat badai dan merupakan area untuk berkembang bagi ikan serta kehidupan laut lainnya. </p> <p> TNC bermitra dengan pemerintah, pihak swasta, akademisi dan masyarakat dari berbagai tingkatan untuk memastikan bahwa sumberdaya alam laut Indonesia dapat terkelola dengan baik demi kesejahteraan masyarakat saat ini maupun mendatang. Kami mendorong perbaikan tata kelola, kebijakan dan pemanfaatan sumberdaya laut pada berbagai tingkatan, dari tingkat tapak hingga nasional, menyeimbangkan pembangunan dan kebutuhan konservasi. </p>\";s:21:\"page_mitra_alam_title\";s:10:\"Mitra Alam\";s:27:\"page_mitra_alam_description\";s:866:\"<h1>MELINDUNGI <span>• MENGUBAH •</span> MENGINSPIRASI</h1> <p> Sebagai negara kepulauan terbesar di dunia, laut beserta isinya merupakan sumberdaya alam yang sangat penting bagi Indonesia. Ekosistem laut tidak hanya mendukung ekonomi lokal, tetapi juga memberikan perlindungan bagi masyarakat pesisir dengan meredam energi gelombang saat badai dan merupakan area untuk berkembang bagi ikan serta kehidupan laut lainnya. </p> <p> TNC bermitra dengan pemerintah, pihak swasta, akademisi dan masyarakat dari berbagai tingkatan untuk memastikan bahwa sumberdaya alam laut Indonesia dapat terkelola dengan baik demi kesejahteraan masyarakat saat ini maupun mendatang. Kami mendorong perbaikan tata kelola, kebijakan dan pemanfaatan sumberdaya laut pada berbagai tingkatan, dari tingkat tapak hingga nasional, menyeimbangkan pembangunan dan kebutuhan konservasi. </p>\";s:29:\"page_term_and_condition_title\";s:20:\"Syarat dan Ketentuan\";s:35:\"page_term_and_condition_description\";s:832:\"<h1>Syarat dan Ketentuan</h1> <p> Sebagai negara kepulauan terbesar di dunia, laut beserta isinya merupakan sumberdaya alam yang sangat penting bagi Indonesia. Ekosistem laut tidak hanya mendukung ekonomi lokal, tetapi juga memberikan perlindungan bagi masyarakat pesisir dengan meredam energi gelombang saat badai dan merupakan area untuk berkembang bagi ikan serta kehidupan laut lainnya. </p> <p> TNC bermitra dengan pemerintah, pihak swasta, akademisi dan masyarakat dari berbagai tingkatan untuk memastikan bahwa sumberdaya alam laut Indonesia dapat terkelola dengan baik demi kesejahteraan masyarakat saat ini maupun mendatang. Kami mendorong perbaikan tata kelola, kebijakan dan pemanfaatan sumberdaya laut pada berbagai tingkatan, dari tingkat tapak hingga nasional, menyeimbangkan pembangunan dan kebutuhan konservasi. </p>\";s:18:\"page_article_title\";s:7:\"Artikel\";s:23:\"page_media_social_title\";s:12:\"Media Sosial\";s:19:\"contact_field_phone\";s:15:\"Telepon Seluler\";s:18:\"contact_field_city\";s:4:\"Kota\";s:32:\"contact_field_term_and_condition\";s:39:\"Saya sudah membaca syarat dan ketentuan\";s:18:\"page_contact_title\";s:11:\"Kontak Kami\";s:18:\"page_privacy_title\";s:17:\"Kebijakan Privasi\";s:17:\"page_donate_title\";s:6:\"Donasi\";s:24:\"page_privacy_description\";s:829:\"<h1>Kebijakan Privasi</h1> <p> Sebagai negara kepulauan terbesar di dunia, laut beserta isinya merupakan sumberdaya alam yang sangat penting bagi Indonesia. Ekosistem laut tidak hanya mendukung ekonomi lokal, tetapi juga memberikan perlindungan bagi masyarakat pesisir dengan meredam energi gelombang saat badai dan merupakan area untuk berkembang bagi ikan serta kehidupan laut lainnya. </p> <p> TNC bermitra dengan pemerintah, pihak swasta, akademisi dan masyarakat dari berbagai tingkatan untuk memastikan bahwa sumberdaya alam laut Indonesia dapat terkelola dengan baik demi kesejahteraan masyarakat saat ini maupun mendatang. Kami mendorong perbaikan tata kelola, kebijakan dan pemanfaatan sumberdaya laut pada berbagai tingkatan, dari tingkat tapak hingga nasional, menyeimbangkan pembangunan dan kebutuhan konservasi. </p>\";s:13:\"related_title\";s:17:\"Informasi Terkait\";s:6:\"author\";s:7:\"Penulis\";s:22:\"featured_stories_title\";s:7:\"Sejarah\";s:17:\"latest_news_title\";s:14:\"Berita Terkini\";s:17:\"most_viewed_title\";s:17:\"Berita Terpopuler\";s:17:\"modal_popup_title\";s:9:\"Informasi\";s:22:\"facebook_like_me_title\";s:52:\"Berikan Dukungan Anda Dengan Like Facebook Page Kami\";s:20:\"twitter_follow_title\";s:48:\"Berikan Dukungan Anda Dengan Follow Twitter Kami\";}'),('f0d57eaee5b08b5289b930875553745011058729','127.0.0.1',1483753880,'__ci_last_regenerate|i:1483753611;masterlanguage|a:2:{i:0;s:2:\"en\";i:1;s:2:\"id\";}current_lang|s:2:\"en\";translation|a:41:{s:23:\"contact_field_subscribe\";s:20:\"Subscribe newsletter\";s:16:\"inbox_title_form\";s:18:\"LETS Work Together\";s:20:\"inbox_required_alert\";s:25:\"indicates required fields\";s:19:\"sosmed_title_follow\";s:19:\"catch us on the web\";s:8:\"readmore\";s:9:\"read more\";s:18:\"page_program_title\";s:7:\"Program\";s:27:\"detail_program_sosmed_share\";s:18:\"Share this content\";s:22:\"contact_field_fullname\";s:9:\"Full name\";s:21:\"contact_field_message\";s:7:\"Message\";s:20:\"contact_field_submit\";s:4:\"SEND\";s:13:\"contact_about\";s:586:\"English TNC Lorem Ipsum is simply dummy text of the printing and typesetting industry. Lorem Ipsum has been the industry\'s standard dummy text ever since the 1500s, when an unknown printer took a galley of type and scrambled it to make a type specimen book. It has survived not only five centuries, but also the leap into electronic typesetting, remaining essentially unchanged. It was popularised in the 1960s with the release of Letraset sheets containing Lorem Ipsum passages, and more recently with desktop publishing software like Aldus PageMaker including versions of Lorem Ipsum.\";s:9:\"title_404\";s:14:\"Page Not Found\";s:27:\"subscribe_success_duplicate\";s:20:\"Thank your subscribe\";s:17:\"subscribe_success\";s:20:\"Thank your subscribe\";s:19:\"contact_waitinglist\";s:112:\"Mohon tunggu, pesan Anda sebelumnya masih dalam daftar tunggu. Kami akan segera membalas pesan Anda. Terimakasih\";s:15:\"contact_success\";s:49:\"Terima kasih, pesan anda sudah berhasil terkirim.\";s:15:\"translation_404\";s:20:\"Translation Notfound\";s:16:\"page_about_title\";s:8:\"About Us\";s:17:\"page_about_teaser\";s:205:\"<h1><span>preserve</span> the world lung.</h1> <h2 class=\"about-desc-1\">We work with you to create a positive effect in more than 35 countries</h2> <h2 class=\"about-desc-2\">included in our fatherland.</h2>\";s:22:\"page_about_description\";s:796:\"<h1>PROTECT <span>• TRANSFORM •</span> INSPIRE</h1> <p> As the world\'s largest archipelago, the sea and its contents is the natural resource that is essential for Indonesia. Marine ecosystems not only supports the local economy, but also provide protection for coastal communities with dampen wave energy while the storm and is the area to thrive for fish and other marine life. </p> <p> TNC partners with Government, private parties, academia and various levels of society to ensure that the natural resources of the sea of Indonesia can be managed well for the welfare of society today nor in the future. We encourage improvements to governance, policies and utilization of marine resources at various levels, from national to tread level, balancing development and conservation needs. </p>\";s:21:\"page_mitra_alam_title\";s:16:\"Natural Partners\";s:27:\"page_mitra_alam_description\";s:796:\"<h1>PROTECT <span>• TRANSFORM •</span> INSPIRE</h1> <p> As the world\'s largest archipelago, the sea and its contents is the natural resource that is essential for Indonesia. Marine ecosystems not only supports the local economy, but also provide protection for coastal communities with dampen wave energy while the storm and is the area to thrive for fish and other marine life. </p> <p> TNC partners with Government, private parties, academia and various levels of society to ensure that the natural resources of the sea of Indonesia can be managed well for the welfare of society today nor in the future. We encourage improvements to governance, policies and utilization of marine resources at various levels, from national to tread level, balancing development and conservation needs. </p>\";s:29:\"page_term_and_condition_title\";s:18:\"Term and Condition\";s:35:\"page_term_and_condition_description\";s:768:\"<h1>Term and Condition</h1> <p> As the world\'s largest archipelago, the sea and its contents is the natural resource that is essential for Indonesia. Marine ecosystems not only supports the local economy, but also provide protection for coastal communities with dampen wave energy while the storm and is the area to thrive for fish and other marine life. </p> <p> TNC partners with Government, private parties, academia and various levels of society to ensure that the natural resources of the sea of Indonesia can be managed well for the welfare of society today nor in the future. We encourage improvements to governance, policies and utilization of marine resources at various levels, from national to tread level, balancing development and conservation needs. </p>\";s:18:\"page_article_title\";s:7:\"Article\";s:23:\"page_media_social_title\";s:12:\"Social Media\";s:19:\"contact_field_phone\";s:12:\"Phone Number\";s:18:\"contact_field_city\";s:4:\"City\";s:32:\"contact_field_term_and_condition\";s:30:\"I have read term and condition\";s:18:\"page_contact_title\";s:10:\"Contact Us\";s:18:\"page_privacy_title\";s:14:\"Privacy Policy\";s:17:\"page_donate_title\";s:6:\"Donate\";s:24:\"page_privacy_description\";s:764:\"<h1>Privacy Policy</h1> <p> As the world\'s largest archipelago, the sea and its contents is the natural resource that is essential for Indonesia. Marine ecosystems not only supports the local economy, but also provide protection for coastal communities with dampen wave energy while the storm and is the area to thrive for fish and other marine life. </p> <p> TNC partners with Government, private parties, academia and various levels of society to ensure that the natural resources of the sea of Indonesia can be managed well for the welfare of society today nor in the future. We encourage improvements to governance, policies and utilization of marine resources at various levels, from national to tread level, balancing development and conservation needs. </p>\";s:13:\"related_title\";s:19:\"Related Information\";s:6:\"author\";s:6:\"Author\";s:22:\"featured_stories_title\";s:16:\"Featured Stories\";s:17:\"latest_news_title\";s:11:\"Latest News\";s:17:\"most_viewed_title\";s:12:\"Most Popular\";s:17:\"modal_popup_title\";s:11:\"Information\";s:22:\"facebook_like_me_title\";s:40:\"SUPPORT THE CAUSE LIKE OUR FACEBOOK PAGE\";s:20:\"twitter_follow_title\";s:42:\"join the conversation follow us on twitter\";}'),('82f5b69922d094bcda68b179f6097a3d11c31553','127.0.0.1',1483754282,'__ci_last_regenerate|i:1483753987;masterlanguage|a:2:{i:0;s:2:\"en\";i:1;s:2:\"id\";}current_lang|s:2:\"en\";translation|a:41:{s:23:\"contact_field_subscribe\";s:20:\"Subscribe newsletter\";s:16:\"inbox_title_form\";s:18:\"LETS Work Together\";s:20:\"inbox_required_alert\";s:25:\"indicates required fields\";s:19:\"sosmed_title_follow\";s:19:\"catch us on the web\";s:8:\"readmore\";s:9:\"read more\";s:18:\"page_program_title\";s:7:\"Program\";s:27:\"detail_program_sosmed_share\";s:18:\"Share this content\";s:22:\"contact_field_fullname\";s:9:\"Full name\";s:21:\"contact_field_message\";s:7:\"Message\";s:20:\"contact_field_submit\";s:4:\"SEND\";s:13:\"contact_about\";s:586:\"English TNC Lorem Ipsum is simply dummy text of the printing and typesetting industry. Lorem Ipsum has been the industry\'s standard dummy text ever since the 1500s, when an unknown printer took a galley of type and scrambled it to make a type specimen book. It has survived not only five centuries, but also the leap into electronic typesetting, remaining essentially unchanged. It was popularised in the 1960s with the release of Letraset sheets containing Lorem Ipsum passages, and more recently with desktop publishing software like Aldus PageMaker including versions of Lorem Ipsum.\";s:9:\"title_404\";s:14:\"Page Not Found\";s:27:\"subscribe_success_duplicate\";s:20:\"Thank your subscribe\";s:17:\"subscribe_success\";s:20:\"Thank your subscribe\";s:19:\"contact_waitinglist\";s:112:\"Mohon tunggu, pesan Anda sebelumnya masih dalam daftar tunggu. Kami akan segera membalas pesan Anda. Terimakasih\";s:15:\"contact_success\";s:49:\"Terima kasih, pesan anda sudah berhasil terkirim.\";s:15:\"translation_404\";s:20:\"Translation Notfound\";s:16:\"page_about_title\";s:8:\"About Us\";s:17:\"page_about_teaser\";s:205:\"<h1><span>preserve</span> the world lung.</h1> <h2 class=\"about-desc-1\">We work with you to create a positive effect in more than 35 countries</h2> <h2 class=\"about-desc-2\">included in our fatherland.</h2>\";s:22:\"page_about_description\";s:796:\"<h1>PROTECT <span>• TRANSFORM •</span> INSPIRE</h1> <p> As the world\'s largest archipelago, the sea and its contents is the natural resource that is essential for Indonesia. Marine ecosystems not only supports the local economy, but also provide protection for coastal communities with dampen wave energy while the storm and is the area to thrive for fish and other marine life. </p> <p> TNC partners with Government, private parties, academia and various levels of society to ensure that the natural resources of the sea of Indonesia can be managed well for the welfare of society today nor in the future. We encourage improvements to governance, policies and utilization of marine resources at various levels, from national to tread level, balancing development and conservation needs. </p>\";s:21:\"page_mitra_alam_title\";s:16:\"Natural Partners\";s:27:\"page_mitra_alam_description\";s:796:\"<h1>PROTECT <span>• TRANSFORM •</span> INSPIRE</h1> <p> As the world\'s largest archipelago, the sea and its contents is the natural resource that is essential for Indonesia. Marine ecosystems not only supports the local economy, but also provide protection for coastal communities with dampen wave energy while the storm and is the area to thrive for fish and other marine life. </p> <p> TNC partners with Government, private parties, academia and various levels of society to ensure that the natural resources of the sea of Indonesia can be managed well for the welfare of society today nor in the future. We encourage improvements to governance, policies and utilization of marine resources at various levels, from national to tread level, balancing development and conservation needs. </p>\";s:29:\"page_term_and_condition_title\";s:18:\"Term and Condition\";s:35:\"page_term_and_condition_description\";s:768:\"<h1>Term and Condition</h1> <p> As the world\'s largest archipelago, the sea and its contents is the natural resource that is essential for Indonesia. Marine ecosystems not only supports the local economy, but also provide protection for coastal communities with dampen wave energy while the storm and is the area to thrive for fish and other marine life. </p> <p> TNC partners with Government, private parties, academia and various levels of society to ensure that the natural resources of the sea of Indonesia can be managed well for the welfare of society today nor in the future. We encourage improvements to governance, policies and utilization of marine resources at various levels, from national to tread level, balancing development and conservation needs. </p>\";s:18:\"page_article_title\";s:7:\"Article\";s:23:\"page_media_social_title\";s:12:\"Social Media\";s:19:\"contact_field_phone\";s:12:\"Phone Number\";s:18:\"contact_field_city\";s:4:\"City\";s:32:\"contact_field_term_and_condition\";s:30:\"I have read term and condition\";s:18:\"page_contact_title\";s:10:\"Contact Us\";s:18:\"page_privacy_title\";s:14:\"Privacy Policy\";s:17:\"page_donate_title\";s:6:\"Donate\";s:24:\"page_privacy_description\";s:764:\"<h1>Privacy Policy</h1> <p> As the world\'s largest archipelago, the sea and its contents is the natural resource that is essential for Indonesia. Marine ecosystems not only supports the local economy, but also provide protection for coastal communities with dampen wave energy while the storm and is the area to thrive for fish and other marine life. </p> <p> TNC partners with Government, private parties, academia and various levels of society to ensure that the natural resources of the sea of Indonesia can be managed well for the welfare of society today nor in the future. We encourage improvements to governance, policies and utilization of marine resources at various levels, from national to tread level, balancing development and conservation needs. </p>\";s:13:\"related_title\";s:19:\"Related Information\";s:6:\"author\";s:6:\"Author\";s:22:\"featured_stories_title\";s:16:\"Featured Stories\";s:17:\"latest_news_title\";s:11:\"Latest News\";s:17:\"most_viewed_title\";s:12:\"Most Popular\";s:17:\"modal_popup_title\";s:11:\"Information\";s:22:\"facebook_like_me_title\";s:40:\"SUPPORT THE CAUSE LIKE OUR FACEBOOK PAGE\";s:20:\"twitter_follow_title\";s:42:\"join the conversation follow us on twitter\";}'),('5e4db49ba5b832dd276364447fabeafef605705d','127.0.0.1',1483754536,'__ci_last_regenerate|i:1483754318;masterlanguage|a:2:{i:0;s:2:\"en\";i:1;s:2:\"id\";}current_lang|s:2:\"en\";translation|a:41:{s:23:\"contact_field_subscribe\";s:20:\"Subscribe newsletter\";s:16:\"inbox_title_form\";s:18:\"LETS Work Together\";s:20:\"inbox_required_alert\";s:25:\"indicates required fields\";s:19:\"sosmed_title_follow\";s:19:\"catch us on the web\";s:8:\"readmore\";s:9:\"read more\";s:18:\"page_program_title\";s:7:\"Program\";s:27:\"detail_program_sosmed_share\";s:18:\"Share this content\";s:22:\"contact_field_fullname\";s:9:\"Full name\";s:21:\"contact_field_message\";s:7:\"Message\";s:20:\"contact_field_submit\";s:4:\"SEND\";s:13:\"contact_about\";s:586:\"English TNC Lorem Ipsum is simply dummy text of the printing and typesetting industry. Lorem Ipsum has been the industry\'s standard dummy text ever since the 1500s, when an unknown printer took a galley of type and scrambled it to make a type specimen book. It has survived not only five centuries, but also the leap into electronic typesetting, remaining essentially unchanged. It was popularised in the 1960s with the release of Letraset sheets containing Lorem Ipsum passages, and more recently with desktop publishing software like Aldus PageMaker including versions of Lorem Ipsum.\";s:9:\"title_404\";s:14:\"Page Not Found\";s:27:\"subscribe_success_duplicate\";s:20:\"Thank your subscribe\";s:17:\"subscribe_success\";s:20:\"Thank your subscribe\";s:19:\"contact_waitinglist\";s:112:\"Mohon tunggu, pesan Anda sebelumnya masih dalam daftar tunggu. Kami akan segera membalas pesan Anda. Terimakasih\";s:15:\"contact_success\";s:49:\"Terima kasih, pesan anda sudah berhasil terkirim.\";s:15:\"translation_404\";s:20:\"Translation Notfound\";s:16:\"page_about_title\";s:8:\"About Us\";s:17:\"page_about_teaser\";s:205:\"<h1><span>preserve</span> the world lung.</h1> <h2 class=\"about-desc-1\">We work with you to create a positive effect in more than 35 countries</h2> <h2 class=\"about-desc-2\">included in our fatherland.</h2>\";s:22:\"page_about_description\";s:796:\"<h1>PROTECT <span>• TRANSFORM •</span> INSPIRE</h1> <p> As the world\'s largest archipelago, the sea and its contents is the natural resource that is essential for Indonesia. Marine ecosystems not only supports the local economy, but also provide protection for coastal communities with dampen wave energy while the storm and is the area to thrive for fish and other marine life. </p> <p> TNC partners with Government, private parties, academia and various levels of society to ensure that the natural resources of the sea of Indonesia can be managed well for the welfare of society today nor in the future. We encourage improvements to governance, policies and utilization of marine resources at various levels, from national to tread level, balancing development and conservation needs. </p>\";s:21:\"page_mitra_alam_title\";s:16:\"Natural Partners\";s:27:\"page_mitra_alam_description\";s:796:\"<h1>PROTECT <span>• TRANSFORM •</span> INSPIRE</h1> <p> As the world\'s largest archipelago, the sea and its contents is the natural resource that is essential for Indonesia. Marine ecosystems not only supports the local economy, but also provide protection for coastal communities with dampen wave energy while the storm and is the area to thrive for fish and other marine life. </p> <p> TNC partners with Government, private parties, academia and various levels of society to ensure that the natural resources of the sea of Indonesia can be managed well for the welfare of society today nor in the future. We encourage improvements to governance, policies and utilization of marine resources at various levels, from national to tread level, balancing development and conservation needs. </p>\";s:29:\"page_term_and_condition_title\";s:18:\"Term and Condition\";s:35:\"page_term_and_condition_description\";s:768:\"<h1>Term and Condition</h1> <p> As the world\'s largest archipelago, the sea and its contents is the natural resource that is essential for Indonesia. Marine ecosystems not only supports the local economy, but also provide protection for coastal communities with dampen wave energy while the storm and is the area to thrive for fish and other marine life. </p> <p> TNC partners with Government, private parties, academia and various levels of society to ensure that the natural resources of the sea of Indonesia can be managed well for the welfare of society today nor in the future. We encourage improvements to governance, policies and utilization of marine resources at various levels, from national to tread level, balancing development and conservation needs. </p>\";s:18:\"page_article_title\";s:7:\"Article\";s:23:\"page_media_social_title\";s:12:\"Social Media\";s:19:\"contact_field_phone\";s:12:\"Phone Number\";s:18:\"contact_field_city\";s:4:\"City\";s:32:\"contact_field_term_and_condition\";s:30:\"I have read term and condition\";s:18:\"page_contact_title\";s:10:\"Contact Us\";s:18:\"page_privacy_title\";s:14:\"Privacy Policy\";s:17:\"page_donate_title\";s:6:\"Donate\";s:24:\"page_privacy_description\";s:764:\"<h1>Privacy Policy</h1> <p> As the world\'s largest archipelago, the sea and its contents is the natural resource that is essential for Indonesia. Marine ecosystems not only supports the local economy, but also provide protection for coastal communities with dampen wave energy while the storm and is the area to thrive for fish and other marine life. </p> <p> TNC partners with Government, private parties, academia and various levels of society to ensure that the natural resources of the sea of Indonesia can be managed well for the welfare of society today nor in the future. We encourage improvements to governance, policies and utilization of marine resources at various levels, from national to tread level, balancing development and conservation needs. </p>\";s:13:\"related_title\";s:19:\"Related Information\";s:6:\"author\";s:6:\"Author\";s:22:\"featured_stories_title\";s:16:\"Featured Stories\";s:17:\"latest_news_title\";s:11:\"Latest News\";s:17:\"most_viewed_title\";s:12:\"Most Popular\";s:17:\"modal_popup_title\";s:11:\"Information\";s:22:\"facebook_like_me_title\";s:40:\"SUPPORT THE CAUSE LIKE OUR FACEBOOK PAGE\";s:20:\"twitter_follow_title\";s:42:\"join the conversation follow us on twitter\";}'),('aa3e06f88f4dedb8cfd8715ee2d3cf63628713db','127.0.0.1',1483755162,'__ci_last_regenerate|i:1483755160;masterlanguage|a:2:{i:0;s:2:\"en\";i:1;s:2:\"id\";}current_lang|s:2:\"en\";translation|a:41:{s:23:\"contact_field_subscribe\";s:20:\"Subscribe newsletter\";s:16:\"inbox_title_form\";s:18:\"LETS Work Together\";s:20:\"inbox_required_alert\";s:25:\"indicates required fields\";s:19:\"sosmed_title_follow\";s:19:\"catch us on the web\";s:8:\"readmore\";s:9:\"read more\";s:18:\"page_program_title\";s:7:\"Program\";s:27:\"detail_program_sosmed_share\";s:18:\"Share this content\";s:22:\"contact_field_fullname\";s:9:\"Full name\";s:21:\"contact_field_message\";s:7:\"Message\";s:20:\"contact_field_submit\";s:4:\"SEND\";s:13:\"contact_about\";s:586:\"English TNC Lorem Ipsum is simply dummy text of the printing and typesetting industry. Lorem Ipsum has been the industry\'s standard dummy text ever since the 1500s, when an unknown printer took a galley of type and scrambled it to make a type specimen book. It has survived not only five centuries, but also the leap into electronic typesetting, remaining essentially unchanged. It was popularised in the 1960s with the release of Letraset sheets containing Lorem Ipsum passages, and more recently with desktop publishing software like Aldus PageMaker including versions of Lorem Ipsum.\";s:9:\"title_404\";s:14:\"Page Not Found\";s:27:\"subscribe_success_duplicate\";s:20:\"Thank your subscribe\";s:17:\"subscribe_success\";s:20:\"Thank your subscribe\";s:19:\"contact_waitinglist\";s:112:\"Mohon tunggu, pesan Anda sebelumnya masih dalam daftar tunggu. Kami akan segera membalas pesan Anda. Terimakasih\";s:15:\"contact_success\";s:49:\"Terima kasih, pesan anda sudah berhasil terkirim.\";s:15:\"translation_404\";s:20:\"Translation Notfound\";s:16:\"page_about_title\";s:8:\"About Us\";s:17:\"page_about_teaser\";s:205:\"<h1><span>preserve</span> the world lung.</h1> <h2 class=\"about-desc-1\">We work with you to create a positive effect in more than 35 countries</h2> <h2 class=\"about-desc-2\">included in our fatherland.</h2>\";s:22:\"page_about_description\";s:796:\"<h1>PROTECT <span>• TRANSFORM •</span> INSPIRE</h1> <p> As the world\'s largest archipelago, the sea and its contents is the natural resource that is essential for Indonesia. Marine ecosystems not only supports the local economy, but also provide protection for coastal communities with dampen wave energy while the storm and is the area to thrive for fish and other marine life. </p> <p> TNC partners with Government, private parties, academia and various levels of society to ensure that the natural resources of the sea of Indonesia can be managed well for the welfare of society today nor in the future. We encourage improvements to governance, policies and utilization of marine resources at various levels, from national to tread level, balancing development and conservation needs. </p>\";s:21:\"page_mitra_alam_title\";s:16:\"Natural Partners\";s:27:\"page_mitra_alam_description\";s:796:\"<h1>PROTECT <span>• TRANSFORM •</span> INSPIRE</h1> <p> As the world\'s largest archipelago, the sea and its contents is the natural resource that is essential for Indonesia. Marine ecosystems not only supports the local economy, but also provide protection for coastal communities with dampen wave energy while the storm and is the area to thrive for fish and other marine life. </p> <p> TNC partners with Government, private parties, academia and various levels of society to ensure that the natural resources of the sea of Indonesia can be managed well for the welfare of society today nor in the future. We encourage improvements to governance, policies and utilization of marine resources at various levels, from national to tread level, balancing development and conservation needs. </p>\";s:29:\"page_term_and_condition_title\";s:18:\"Term and Condition\";s:35:\"page_term_and_condition_description\";s:768:\"<h1>Term and Condition</h1> <p> As the world\'s largest archipelago, the sea and its contents is the natural resource that is essential for Indonesia. Marine ecosystems not only supports the local economy, but also provide protection for coastal communities with dampen wave energy while the storm and is the area to thrive for fish and other marine life. </p> <p> TNC partners with Government, private parties, academia and various levels of society to ensure that the natural resources of the sea of Indonesia can be managed well for the welfare of society today nor in the future. We encourage improvements to governance, policies and utilization of marine resources at various levels, from national to tread level, balancing development and conservation needs. </p>\";s:18:\"page_article_title\";s:7:\"Article\";s:23:\"page_media_social_title\";s:12:\"Social Media\";s:19:\"contact_field_phone\";s:12:\"Phone Number\";s:18:\"contact_field_city\";s:4:\"City\";s:32:\"contact_field_term_and_condition\";s:30:\"I have read term and condition\";s:18:\"page_contact_title\";s:10:\"Contact Us\";s:18:\"page_privacy_title\";s:14:\"Privacy Policy\";s:17:\"page_donate_title\";s:6:\"Donate\";s:24:\"page_privacy_description\";s:764:\"<h1>Privacy Policy</h1> <p> As the world\'s largest archipelago, the sea and its contents is the natural resource that is essential for Indonesia. Marine ecosystems not only supports the local economy, but also provide protection for coastal communities with dampen wave energy while the storm and is the area to thrive for fish and other marine life. </p> <p> TNC partners with Government, private parties, academia and various levels of society to ensure that the natural resources of the sea of Indonesia can be managed well for the welfare of society today nor in the future. We encourage improvements to governance, policies and utilization of marine resources at various levels, from national to tread level, balancing development and conservation needs. </p>\";s:13:\"related_title\";s:19:\"Related Information\";s:6:\"author\";s:6:\"Author\";s:22:\"featured_stories_title\";s:16:\"Featured Stories\";s:17:\"latest_news_title\";s:11:\"Latest News\";s:17:\"most_viewed_title\";s:12:\"Most Popular\";s:17:\"modal_popup_title\";s:11:\"Information\";s:22:\"facebook_like_me_title\";s:40:\"SUPPORT THE CAUSE LIKE OUR FACEBOOK PAGE\";s:20:\"twitter_follow_title\";s:42:\"join the conversation follow us on twitter\";}'),('9fe3cea34b4e2fe0055d6ba09e3d02fc598d8977','127.0.0.1',1483756055,'__ci_last_regenerate|i:1483755898;masterlanguage|a:2:{i:0;s:2:\"en\";i:1;s:2:\"id\";}current_lang|s:2:\"en\";translation|a:41:{s:23:\"contact_field_subscribe\";s:20:\"Subscribe newsletter\";s:16:\"inbox_title_form\";s:18:\"LETS Work Together\";s:20:\"inbox_required_alert\";s:25:\"indicates required fields\";s:19:\"sosmed_title_follow\";s:19:\"catch us on the web\";s:8:\"readmore\";s:9:\"read more\";s:18:\"page_program_title\";s:7:\"Program\";s:27:\"detail_program_sosmed_share\";s:18:\"Share this content\";s:22:\"contact_field_fullname\";s:9:\"Full name\";s:21:\"contact_field_message\";s:7:\"Message\";s:20:\"contact_field_submit\";s:4:\"SEND\";s:13:\"contact_about\";s:586:\"English TNC Lorem Ipsum is simply dummy text of the printing and typesetting industry. Lorem Ipsum has been the industry\'s standard dummy text ever since the 1500s, when an unknown printer took a galley of type and scrambled it to make a type specimen book. It has survived not only five centuries, but also the leap into electronic typesetting, remaining essentially unchanged. It was popularised in the 1960s with the release of Letraset sheets containing Lorem Ipsum passages, and more recently with desktop publishing software like Aldus PageMaker including versions of Lorem Ipsum.\";s:9:\"title_404\";s:14:\"Page Not Found\";s:27:\"subscribe_success_duplicate\";s:20:\"Thank your subscribe\";s:17:\"subscribe_success\";s:20:\"Thank your subscribe\";s:19:\"contact_waitinglist\";s:112:\"Mohon tunggu, pesan Anda sebelumnya masih dalam daftar tunggu. Kami akan segera membalas pesan Anda. Terimakasih\";s:15:\"contact_success\";s:49:\"Terima kasih, pesan anda sudah berhasil terkirim.\";s:15:\"translation_404\";s:20:\"Translation Notfound\";s:16:\"page_about_title\";s:8:\"About Us\";s:17:\"page_about_teaser\";s:205:\"<h1><span>preserve</span> the world lung.</h1> <h2 class=\"about-desc-1\">We work with you to create a positive effect in more than 35 countries</h2> <h2 class=\"about-desc-2\">included in our fatherland.</h2>\";s:22:\"page_about_description\";s:796:\"<h1>PROTECT <span>• TRANSFORM •</span> INSPIRE</h1> <p> As the world\'s largest archipelago, the sea and its contents is the natural resource that is essential for Indonesia. Marine ecosystems not only supports the local economy, but also provide protection for coastal communities with dampen wave energy while the storm and is the area to thrive for fish and other marine life. </p> <p> TNC partners with Government, private parties, academia and various levels of society to ensure that the natural resources of the sea of Indonesia can be managed well for the welfare of society today nor in the future. We encourage improvements to governance, policies and utilization of marine resources at various levels, from national to tread level, balancing development and conservation needs. </p>\";s:21:\"page_mitra_alam_title\";s:16:\"Natural Partners\";s:27:\"page_mitra_alam_description\";s:796:\"<h1>PROTECT <span>• TRANSFORM •</span> INSPIRE</h1> <p> As the world\'s largest archipelago, the sea and its contents is the natural resource that is essential for Indonesia. Marine ecosystems not only supports the local economy, but also provide protection for coastal communities with dampen wave energy while the storm and is the area to thrive for fish and other marine life. </p> <p> TNC partners with Government, private parties, academia and various levels of society to ensure that the natural resources of the sea of Indonesia can be managed well for the welfare of society today nor in the future. We encourage improvements to governance, policies and utilization of marine resources at various levels, from national to tread level, balancing development and conservation needs. </p>\";s:29:\"page_term_and_condition_title\";s:18:\"Term and Condition\";s:35:\"page_term_and_condition_description\";s:768:\"<h1>Term and Condition</h1> <p> As the world\'s largest archipelago, the sea and its contents is the natural resource that is essential for Indonesia. Marine ecosystems not only supports the local economy, but also provide protection for coastal communities with dampen wave energy while the storm and is the area to thrive for fish and other marine life. </p> <p> TNC partners with Government, private parties, academia and various levels of society to ensure that the natural resources of the sea of Indonesia can be managed well for the welfare of society today nor in the future. We encourage improvements to governance, policies and utilization of marine resources at various levels, from national to tread level, balancing development and conservation needs. </p>\";s:18:\"page_article_title\";s:7:\"Article\";s:23:\"page_media_social_title\";s:12:\"Social Media\";s:19:\"contact_field_phone\";s:12:\"Phone Number\";s:18:\"contact_field_city\";s:4:\"City\";s:32:\"contact_field_term_and_condition\";s:30:\"I have read term and condition\";s:18:\"page_contact_title\";s:10:\"Contact Us\";s:18:\"page_privacy_title\";s:14:\"Privacy Policy\";s:17:\"page_donate_title\";s:6:\"Donate\";s:24:\"page_privacy_description\";s:764:\"<h1>Privacy Policy</h1> <p> As the world\'s largest archipelago, the sea and its contents is the natural resource that is essential for Indonesia. Marine ecosystems not only supports the local economy, but also provide protection for coastal communities with dampen wave energy while the storm and is the area to thrive for fish and other marine life. </p> <p> TNC partners with Government, private parties, academia and various levels of society to ensure that the natural resources of the sea of Indonesia can be managed well for the welfare of society today nor in the future. We encourage improvements to governance, policies and utilization of marine resources at various levels, from national to tread level, balancing development and conservation needs. </p>\";s:13:\"related_title\";s:19:\"Related Information\";s:6:\"author\";s:6:\"Author\";s:22:\"featured_stories_title\";s:16:\"Featured Stories\";s:17:\"latest_news_title\";s:11:\"Latest News\";s:17:\"most_viewed_title\";s:12:\"Most Popular\";s:17:\"modal_popup_title\";s:11:\"Information\";s:22:\"facebook_like_me_title\";s:40:\"SUPPORT THE CAUSE LIKE OUR FACEBOOK PAGE\";s:20:\"twitter_follow_title\";s:42:\"join the conversation follow us on twitter\";}'),('73fa693461c6439cad86eac7b9c929501cad2792','127.0.0.1',1483756394,'__ci_last_regenerate|i:1483756199;masterlanguage|a:2:{i:0;s:2:\"en\";i:1;s:2:\"id\";}current_lang|s:2:\"en\";translation|a:41:{s:23:\"contact_field_subscribe\";s:20:\"Subscribe newsletter\";s:16:\"inbox_title_form\";s:18:\"LETS Work Together\";s:20:\"inbox_required_alert\";s:25:\"indicates required fields\";s:19:\"sosmed_title_follow\";s:19:\"catch us on the web\";s:8:\"readmore\";s:9:\"read more\";s:18:\"page_program_title\";s:7:\"Program\";s:27:\"detail_program_sosmed_share\";s:18:\"Share this content\";s:22:\"contact_field_fullname\";s:9:\"Full name\";s:21:\"contact_field_message\";s:7:\"Message\";s:20:\"contact_field_submit\";s:4:\"SEND\";s:13:\"contact_about\";s:586:\"English TNC Lorem Ipsum is simply dummy text of the printing and typesetting industry. Lorem Ipsum has been the industry\'s standard dummy text ever since the 1500s, when an unknown printer took a galley of type and scrambled it to make a type specimen book. It has survived not only five centuries, but also the leap into electronic typesetting, remaining essentially unchanged. It was popularised in the 1960s with the release of Letraset sheets containing Lorem Ipsum passages, and more recently with desktop publishing software like Aldus PageMaker including versions of Lorem Ipsum.\";s:9:\"title_404\";s:14:\"Page Not Found\";s:27:\"subscribe_success_duplicate\";s:20:\"Thank your subscribe\";s:17:\"subscribe_success\";s:20:\"Thank your subscribe\";s:19:\"contact_waitinglist\";s:112:\"Mohon tunggu, pesan Anda sebelumnya masih dalam daftar tunggu. Kami akan segera membalas pesan Anda. Terimakasih\";s:15:\"contact_success\";s:49:\"Terima kasih, pesan anda sudah berhasil terkirim.\";s:15:\"translation_404\";s:20:\"Translation Notfound\";s:16:\"page_about_title\";s:8:\"About Us\";s:17:\"page_about_teaser\";s:205:\"<h1><span>preserve</span> the world lung.</h1> <h2 class=\"about-desc-1\">We work with you to create a positive effect in more than 35 countries</h2> <h2 class=\"about-desc-2\">included in our fatherland.</h2>\";s:22:\"page_about_description\";s:796:\"<h1>PROTECT <span>• TRANSFORM •</span> INSPIRE</h1> <p> As the world\'s largest archipelago, the sea and its contents is the natural resource that is essential for Indonesia. Marine ecosystems not only supports the local economy, but also provide protection for coastal communities with dampen wave energy while the storm and is the area to thrive for fish and other marine life. </p> <p> TNC partners with Government, private parties, academia and various levels of society to ensure that the natural resources of the sea of Indonesia can be managed well for the welfare of society today nor in the future. We encourage improvements to governance, policies and utilization of marine resources at various levels, from national to tread level, balancing development and conservation needs. </p>\";s:21:\"page_mitra_alam_title\";s:16:\"Natural Partners\";s:27:\"page_mitra_alam_description\";s:796:\"<h1>PROTECT <span>• TRANSFORM •</span> INSPIRE</h1> <p> As the world\'s largest archipelago, the sea and its contents is the natural resource that is essential for Indonesia. Marine ecosystems not only supports the local economy, but also provide protection for coastal communities with dampen wave energy while the storm and is the area to thrive for fish and other marine life. </p> <p> TNC partners with Government, private parties, academia and various levels of society to ensure that the natural resources of the sea of Indonesia can be managed well for the welfare of society today nor in the future. We encourage improvements to governance, policies and utilization of marine resources at various levels, from national to tread level, balancing development and conservation needs. </p>\";s:29:\"page_term_and_condition_title\";s:18:\"Term and Condition\";s:35:\"page_term_and_condition_description\";s:768:\"<h1>Term and Condition</h1> <p> As the world\'s largest archipelago, the sea and its contents is the natural resource that is essential for Indonesia. Marine ecosystems not only supports the local economy, but also provide protection for coastal communities with dampen wave energy while the storm and is the area to thrive for fish and other marine life. </p> <p> TNC partners with Government, private parties, academia and various levels of society to ensure that the natural resources of the sea of Indonesia can be managed well for the welfare of society today nor in the future. We encourage improvements to governance, policies and utilization of marine resources at various levels, from national to tread level, balancing development and conservation needs. </p>\";s:18:\"page_article_title\";s:7:\"Article\";s:23:\"page_media_social_title\";s:12:\"Social Media\";s:19:\"contact_field_phone\";s:12:\"Phone Number\";s:18:\"contact_field_city\";s:4:\"City\";s:32:\"contact_field_term_and_condition\";s:30:\"I have read term and condition\";s:18:\"page_contact_title\";s:10:\"Contact Us\";s:18:\"page_privacy_title\";s:14:\"Privacy Policy\";s:17:\"page_donate_title\";s:6:\"Donate\";s:24:\"page_privacy_description\";s:764:\"<h1>Privacy Policy</h1> <p> As the world\'s largest archipelago, the sea and its contents is the natural resource that is essential for Indonesia. Marine ecosystems not only supports the local economy, but also provide protection for coastal communities with dampen wave energy while the storm and is the area to thrive for fish and other marine life. </p> <p> TNC partners with Government, private parties, academia and various levels of society to ensure that the natural resources of the sea of Indonesia can be managed well for the welfare of society today nor in the future. We encourage improvements to governance, policies and utilization of marine resources at various levels, from national to tread level, balancing development and conservation needs. </p>\";s:13:\"related_title\";s:19:\"Related Information\";s:6:\"author\";s:6:\"Author\";s:22:\"featured_stories_title\";s:16:\"Featured Stories\";s:17:\"latest_news_title\";s:11:\"Latest News\";s:17:\"most_viewed_title\";s:12:\"Most Popular\";s:17:\"modal_popup_title\";s:11:\"Information\";s:22:\"facebook_like_me_title\";s:40:\"SUPPORT THE CAUSE LIKE OUR FACEBOOK PAGE\";s:20:\"twitter_follow_title\";s:42:\"join the conversation follow us on twitter\";}');

/*Table structure for table `master_geography` */

DROP TABLE IF EXISTS `master_geography`;

CREATE TABLE `master_geography` (
  `geography_id` int(11) unsigned NOT NULL AUTO_INCREMENT,
  `geography_name` varchar(255) NOT NULL,
  `slug` varchar(255) NOT NULL,
  `created` datetime NOT NULL,
  `updated` timestamp NOT NULL DEFAULT CURRENT_TIMESTAMP ON UPDATE CURRENT_TIMESTAMP,
  `created_by` int(11) unsigned NOT NULL,
  `updated_by` int(11) unsigned NOT NULL,
  PRIMARY KEY (`geography_id`)
) ENGINE=InnoDB AUTO_INCREMENT=2 DEFAULT CHARSET=utf8;

/*Data for the table `master_geography` */

insert  into `master_geography`(`geography_id`,`geography_name`,`slug`,`created`,`updated`,`created_by`,`updated_by`) values (1,'Geography Name','geography-name','2016-09-19 06:48:56','2016-09-22 03:40:32',1,1);

/*Table structure for table `master_language` */

DROP TABLE IF EXISTS `master_language`;

CREATE TABLE `master_language` (
  `language_slug` varchar(2) NOT NULL,
  `title` varchar(100) NOT NULL,
  `flag` varchar(100) DEFAULT NULL,
  `published` enum('publish','unpublish') NOT NULL DEFAULT 'publish',
  `created` datetime NOT NULL,
  `updated` timestamp NOT NULL DEFAULT CURRENT_TIMESTAMP ON UPDATE CURRENT_TIMESTAMP,
  `created_by` int(11) unsigned NOT NULL,
  `updated_by` int(11) unsigned NOT NULL,
  PRIMARY KEY (`language_slug`)
) ENGINE=InnoDB DEFAULT CHARSET=utf8;

/*Data for the table `master_language` */

insert  into `master_language`(`language_slug`,`title`,`flag`,`published`,`created`,`updated`,`created_by`,`updated_by`) values ('en','English','english.png','publish','2016-09-17 01:20:41','2016-09-17 09:46:18',1,1),('id','Indonesia','indonesia.png','publish','2016-09-17 01:20:34','2016-09-17 09:46:23',1,1);

/*Table structure for table `master_location` */

DROP TABLE IF EXISTS `master_location`;

CREATE TABLE `master_location` (
  `location_id` int(11) unsigned NOT NULL AUTO_INCREMENT,
  `location_name` varchar(255) NOT NULL,
  `slug` varchar(255) NOT NULL,
  `created` datetime NOT NULL,
  `updated` timestamp NOT NULL DEFAULT CURRENT_TIMESTAMP ON UPDATE CURRENT_TIMESTAMP,
  `created_by` int(11) unsigned NOT NULL,
  `updated_by` int(11) unsigned NOT NULL,
  PRIMARY KEY (`location_id`)
) ENGINE=InnoDB AUTO_INCREMENT=4 DEFAULT CHARSET=utf8;

/*Data for the table `master_location` */

insert  into `master_location`(`location_id`,`location_name`,`slug`,`created`,`updated`,`created_by`,`updated_by`) values (1,'Wilayah Indonesia Lain','wilayah-indonesia-lain','2016-09-19 06:39:54','2016-09-22 03:41:42',1,1),(2,'Wilayah Indonesia','wilayah-indonesia','2016-09-19 06:40:04','2016-09-22 03:41:21',1,1),(3,'Indonesia','indonesia-1','2016-09-19 06:40:30','2016-09-19 19:01:02',1,1);

/*Table structure for table `media` */

DROP TABLE IF EXISTS `media`;

CREATE TABLE `media` (
  `media_id` int(11) unsigned NOT NULL AUTO_INCREMENT,
  `content_id` int(11) unsigned NOT NULL,
  `copyright` varchar(255) DEFAULT NULL,
  `cover` varchar(255) NOT NULL,
  `video` varchar(255) DEFAULT NULL,
  `created` datetime NOT NULL,
  `updated` timestamp NOT NULL DEFAULT CURRENT_TIMESTAMP ON UPDATE CURRENT_TIMESTAMP,
  `created_by` int(11) unsigned NOT NULL,
  `ip` varchar(39) NOT NULL,
  PRIMARY KEY (`media_id`)
) ENGINE=InnoDB AUTO_INCREMENT=118 DEFAULT CHARSET=utf8;

/*Data for the table `media` */

insert  into `media`(`media_id`,`content_id`,`copyright`,`cover`,`video`,`created`,`updated`,`created_by`,`ip`) values (51,1,'Katie Hawk ','a79b7e7424ceb405d919c0f54cfaac29.jpg','','2016-09-22 10:57:49','2016-09-22 10:57:49',1,'182.253.177.16'),(52,1,'Katie Hawk ','6ab1b45ea42c48750410e5880ac6167e.jpg','','2016-09-22 10:58:02','2016-09-22 10:58:02',1,'182.253.177.16'),(53,1,'Katie Hawk ','b46407c7d9b3aa9f7ea879d3bd1e6bb7.jpg','','2016-09-22 10:59:47','2016-09-22 10:59:47',1,'182.253.177.16'),(54,1,'Katie Hawk ','75ccccdec5465192061224892a50f92d.jpg','','2016-09-22 11:02:23','2016-09-22 11:02:23',1,'182.253.177.16'),(55,1,'Katie Hawk ','3c93bed25b8ee95847fc52d35cdcaf8d.jpg','','2016-09-22 11:02:34','2016-09-22 11:02:34',1,'182.253.177.16'),(56,1,'Katie Hawk ','a986337a129b74e8bd51a098e5555775.jpg','','2016-09-22 11:02:50','2016-09-22 11:02:50',1,'182.253.177.16'),(57,1,'Katie Hawk ','3bcb1c70b90fc5222e04d541ec7825af.jpg','','2016-09-22 11:03:46','2016-09-22 11:03:46',1,'182.253.177.16'),(58,1,'Katie Hawk ','2a49ac9168699855a31a4bf92c61028c.jpg','','2016-09-22 11:04:12','2016-09-22 11:04:12',1,'182.253.177.16'),(59,1,'Katie Hawk ','f9f2a0209d3fd9ec2173ba9a1f47a0f9.jpg','','2016-09-22 11:04:24','2016-09-22 11:04:24',1,'182.253.177.16'),(61,1,'Nick Hall','433944e569082c0047f7d210d31d73a4.jpg','','2016-09-22 11:12:02','2016-09-22 11:12:02',1,'182.253.177.16'),(62,1,'Nick Hall','2d3d9cc6845eabd069bc2dd1f44adb08.jpg','','2016-09-22 11:12:40','2016-09-22 11:12:40',1,'182.253.177.16'),(63,1,'Nick Hall','e820c28b7fbaa74a6b70443dd4f4b502.jpg','','2016-09-22 11:12:51','2016-09-22 11:12:51',1,'182.253.177.16'),(64,1,'Nick Hall','ba7e20d74760982c6a222a959aab1b8d.jpg','','2016-09-22 11:14:16','2016-09-22 11:14:16',1,'182.253.177.16'),(65,1,'Nick Hall','11cf4807e9ac78a262c54bd836ce3458.jpg','','2016-09-22 11:17:37','2016-09-22 11:17:37',1,'182.253.177.16'),(67,1,'Nick Hall','8755039130f79359cfe5dd876ed01390.jpg','','2016-09-22 11:30:25','2016-09-22 11:30:25',1,'182.253.177.16'),(68,1,'Nick Hall','915dec01c1cf86179fad924ed9e0ccd7.jpg','','2016-09-22 11:31:05','2016-09-22 11:31:05',1,'182.253.177.16'),(69,1,'Nick Hall','3028f737680ca91ae8d078c45713fda9.jpg','','2016-09-22 11:31:17','2016-09-22 11:31:17',1,'182.253.177.16'),(70,1,'Nick Hall','377666169c1591ea4b6d68b71e2679ba.jpg','','2016-09-22 11:31:27','2016-09-22 11:31:27',1,'182.253.177.16'),(71,1,'Nick Hall','346802f1630a2c024d9d4be1f33c9b70.jpg','','2016-09-22 11:31:41','2016-09-22 11:31:41',1,'182.253.177.16'),(72,1,'Nick Hall','6a3d13a9ce4305d56417e843f70c5f23.jpg','','2016-09-22 11:31:57','2016-09-22 11:31:57',1,'182.253.177.16'),(73,1,'Nick Hall','907ada21a52df318e29a8aacda019416.jpg','','2016-09-22 11:32:44','2016-09-22 11:32:44',1,'182.253.177.16'),(74,1,'Nick Hall','c0aebc23f86f4158b7f3d62f43fb2c56.jpg','','2016-09-22 11:33:05','2016-09-22 11:33:05',1,'182.253.177.16'),(75,1,'Nick Hall','0acd696d1fbf9fb31f5e070c1178deab.jpg','','2016-09-22 11:35:35','2016-09-22 11:35:35',1,'182.253.177.16'),(76,1,'Nick Hall','1c9631f60faccf4e19032e3b443278c5.jpg','','2016-09-22 11:38:47','2016-09-22 11:38:47',1,'182.253.177.16'),(77,3,'Jeff Yonover','26888fea057e5fc18753f087b7b6f907.jpg','','2016-09-22 11:53:48','2016-09-22 11:53:48',1,'182.253.177.16'),(78,3,'Jeff Yonover','d679aba47a86ac1844c138500fb26940.jpg','','2016-09-22 11:54:09','2016-09-22 11:54:09',1,'182.253.177.16'),(79,3,'Jeff Yonover','06a6bf2d2acef69145586a2a399b8088.jpg','','2016-09-22 11:54:21','2016-09-22 11:54:21',1,'182.253.177.16'),(80,3,'Jeff Yonover','036b33d42a9672af53b34d91c1f8e972.jpg','','2016-09-22 11:54:30','2016-09-22 11:54:30',1,'182.253.177.16'),(81,3,'Jeff Yonover','5992de14e84e257e6bbcaf99934a8cc5.jpg','','2016-09-22 11:58:14','2016-09-22 11:58:14',1,'182.253.177.16'),(82,3,'Jeff Yonover','c1d8087ecd6ba8fbce3ebfb1474e7132.jpg','','2016-09-22 11:58:25','2016-09-22 11:58:25',1,'182.253.177.16'),(83,3,'Jeff Yonover','a44cc9b8e9d741d91bc4c89a4c951dc6.jpg','','2016-09-22 11:58:35','2016-09-22 11:58:35',1,'182.253.177.16'),(84,3,'Jeff Yonover','ae0589d54161496f93ac10d25998b4be.jpg','','2016-09-22 11:58:51','2016-09-22 11:58:51',1,'182.253.177.16'),(85,3,'Jeff Yonover','3ec11581ddd8108f69325f2572b0c381.jpg','','2016-09-22 11:59:05','2016-09-22 11:59:05',1,'182.253.177.16'),(86,3,'Jeff Yonover','6d9e25af3dabc952823c002542b96a81.jpg','','2016-09-22 11:59:19','2016-09-22 11:59:19',1,'182.253.177.16'),(87,3,'Jeff Yonover','131acac0286c1b442d35cf89b87cb498.jpg','','2016-09-22 11:59:33','2016-09-22 11:59:33',1,'182.253.177.16'),(88,3,'Jeff Yonover','c558439718408016b2b19a503bda08d5.jpg','','2016-09-22 11:59:46','2016-09-22 11:59:46',1,'182.253.177.16'),(89,3,'Jeff Yonover','afc27d52b94f12d4cfacc0590e9cf65d.jpg','','2016-09-22 12:03:20','2016-09-22 12:03:20',1,'182.253.177.16'),(90,3,'Jeff Yonover','534f0637f2d9a93c1204a42bacbb67dd.jpg','','2016-09-22 12:05:50','2016-09-22 12:05:50',1,'182.253.177.16'),(91,3,'Jeff Yonover','19bf23e4b5b6c4192e9e02929ac04234.jpg','','2016-09-22 12:06:04','2016-09-22 12:06:04',1,'182.253.177.16'),(92,3,'Jeff Yonover','8b008a16fcb412bec1ba246aae5fce01.jpg','','2016-09-22 12:06:16','2016-09-22 12:06:16',1,'182.253.177.16'),(93,3,'Jeff Yonover','d441483da35a09f16f23a29da7b6ee58.jpg','','2016-09-22 12:08:17','2016-09-22 12:08:17',1,'182.253.177.16'),(94,3,'Jeff Yonover','d3d15d6a9f97b24cbe4d65052280c5c5.jpg','','2016-09-22 12:08:32','2016-09-22 12:08:32',1,'182.253.177.16'),(95,4,'Bridget Besaw','7eeb38dc37768bc3270f9a6ca705a02a.jpg','','2016-09-22 12:14:48','2016-09-22 12:14:48',1,'182.253.177.16'),(96,4,'Bridget Besaw','1079540522ed1d496662c4f2762fc0c0.jpg','','2016-09-22 12:15:01','2016-09-22 12:15:01',1,'182.253.177.16'),(97,4,'Bridget Besaw','a05a2196badac2b4f22ab343a26c30c4.jpg','','2016-09-22 12:15:10','2016-09-22 12:15:10',1,'182.253.177.16'),(98,4,'Bridget Besaw','b31e7e99dc20e2befd3aa7150cbabe27.jpg','','2016-09-22 12:15:21','2016-09-22 12:15:21',1,'182.253.177.16'),(99,4,'Bridget Besaw','60fb3a2c50b82aee85c065fb6b708359.jpg','','2016-09-22 12:15:30','2016-09-22 12:15:30',1,'182.253.177.16'),(100,4,'Bridget Besaw','41edf6c0ac553bb509609915e9046e7d.jpg','','2016-09-22 12:15:55','2016-09-22 12:15:55',1,'182.253.177.16'),(101,4,'Dwi Aryo','dc2a53c376eddf6a2c94399f7b730b36.jpg','','2016-09-22 12:18:44','2016-09-22 12:18:44',1,'182.253.177.16'),(102,4,'Dwi Aryo','2efb65192b349a376c232982e51c5b05.jpg','','2016-09-22 12:18:57','2016-09-22 12:18:57',1,'182.253.177.16'),(103,4,'Dwi Aryo','23d256391c312f0870e157b01a704d32.jpg','','2016-09-22 12:19:09','2016-09-22 12:19:09',1,'182.253.177.16'),(104,4,'Dwi Aryo','4c5e5b3316dd8cd37e173325298bb59b.jpg','','2016-09-22 12:20:07','2016-09-22 12:20:07',1,'182.253.177.16'),(105,4,'Dwi Aryo','de1a412e3b211854ec925a920b36b898.jpg','','2016-09-22 12:20:23','2016-09-22 12:20:23',1,'182.253.177.16'),(106,4,'Feri Latief','28e7a3ac1e9aa282d021cc4df8211720.jpg','','2016-09-22 12:58:04','2016-09-22 12:58:04',1,'182.253.177.16'),(107,4,'Feri Latief','8f8533b5dbdb62fa83a91948e6300374.jpg','','2016-09-22 12:58:12','2016-09-22 12:58:12',1,'182.253.177.16'),(108,4,'Feri Latief','79015cd6d4487ce2b521d360181f3df9.jpg','','2016-09-22 12:58:26','2016-09-22 12:58:26',1,'182.253.177.16'),(109,4,'Feri Latief','594673855c164d9a71316e789feb1cc4.jpg','','2016-09-22 12:58:43','2016-09-22 12:58:43',1,'182.253.177.16'),(110,4,'Feri Latief','7d47bd0ce0619a47d402fdf96b3043c0.jpg','','2016-09-22 12:58:54','2016-09-22 12:58:54',1,'182.253.177.16'),(111,4,'Feri Latief','2f8784ee8d210152abbab04e3c525bfa.jpg','','2016-09-22 12:59:08','2016-09-22 12:59:08',1,'182.253.177.16'),(113,3,'The Nature Conservancy Indonesia','b50c0aa419805d1f5c322e25d3510885.jpg','https://youtu.be/KRzYw_YLN8E','2016-09-27 11:41:35','2016-09-27 11:41:35',1,'182.253.177.167'),(115,4,'The Nature Conservancy Indonesia','b15ab14f76d104f0ebd0afca0616eaea.jpg','https://www.youtube.com/watch?v=mwbKktFpxzM','2016-09-27 11:47:37','2016-09-27 11:47:37',1,'182.253.177.167'),(116,1,'  The Nature Conservancy Indonesia','146c171413c9d979fff15b663edf563b.jpg','https://youtu.be/oI6Vh09DheM?list=PUr_H2QYUqL9VCKrSzpwyReQ','2016-09-27 11:54:12','2016-09-27 11:54:12',1,'182.253.177.167');

/*Table structure for table `member` */

DROP TABLE IF EXISTS `member`;

CREATE TABLE `member` (
  `member_id` int(11) unsigned NOT NULL AUTO_INCREMENT,
  `sosid` varchar(100) NOT NULL COMMENT 'sosmed profile id',
  `fullname` varchar(255) NOT NULL,
  `email` varchar(255) NOT NULL,
  `password` varchar(255) NOT NULL,
  `phone` varchar(20) NOT NULL,
  `avatar` varchar(255) NOT NULL,
  `provider` enum('signup','facebook','twitter') NOT NULL DEFAULT 'signup',
  `level` enum('admin','user','moderator') NOT NULL DEFAULT 'user',
  `status` enum('active','banned','uncomplete') NOT NULL DEFAULT 'uncomplete',
  `ip` varchar(39) NOT NULL,
  `agent` text NOT NULL COMMENT 'json format',
  `created` datetime NOT NULL,
  `updated` timestamp NOT NULL DEFAULT CURRENT_TIMESTAMP ON UPDATE CURRENT_TIMESTAMP,
  `created_by` int(11) unsigned NOT NULL,
  `updated_by` int(11) unsigned NOT NULL,
  PRIMARY KEY (`member_id`)
) ENGINE=InnoDB AUTO_INCREMENT=2 DEFAULT CHARSET=utf8;

/*Data for the table `member` */

insert  into `member`(`member_id`,`sosid`,`fullname`,`email`,`password`,`phone`,`avatar`,`provider`,`level`,`status`,`ip`,`agent`,`created`,`updated`,`created_by`,`updated_by`) values (1,'-','Superadmin','ykan16@admin.com','$2a$11$w1xmAmIhB5EcSer6UGqec.b6NKlOOor4jA8RlZbPXJVqTkxT97I0i','08563171799','default_avatar.png','signup','admin','active','0.0.0.0','{\"agents\":\"Mozilla\\/5.0 (Windows NT 6.3; WOW64; rv:50.0) Gecko\\/20100101 Firefox\\/50.0\",\"platform\":\"Windows 8.1\",\"version\":\"50.0\",\"mobile\":\"\",\"robot\":\"\",\"browser\":\"Firefox\",\"languages\":[\"en-us\",\"en\"]}','2016-09-12 17:28:16','2017-01-06 09:03:33',0,0);

/*Table structure for table `partnership` */

DROP TABLE IF EXISTS `partnership`;

CREATE TABLE `partnership` (
  `partnership_id` int(11) unsigned NOT NULL AUTO_INCREMENT,
  `cover` varchar(255) NOT NULL,
  `url` text NOT NULL,
  `contact_view` enum('true','false') NOT NULL DEFAULT 'false',
  `created` datetime NOT NULL,
  `updated` timestamp NOT NULL DEFAULT CURRENT_TIMESTAMP ON UPDATE CURRENT_TIMESTAMP,
  PRIMARY KEY (`partnership_id`)
) ENGINE=InnoDB AUTO_INCREMENT=6 DEFAULT CHARSET=utf8;

/*Data for the table `partnership` */

insert  into `partnership`(`partnership_id`,`cover`,`url`,`contact_view`,`created`,`updated`) values (1,'ilogo1.png','http://nature.or.id','true','2016-09-19 00:00:00','2017-01-05 07:24:29'),(4,'beb9813ddd99f0b6e6a21d46a51359d0.png','http://nature.co.id','true','2016-10-24 11:43:35','2017-01-05 07:24:32'),(5,'logotr.png','http://nature.co.id','false','2016-10-24 11:43:35','2017-01-07 09:00:00');

/*Table structure for table `retsam_authmenu` */

DROP TABLE IF EXISTS `retsam_authmenu`;

CREATE TABLE `retsam_authmenu` (
  `idauth` int(10) unsigned NOT NULL AUTO_INCREMENT,
  `idmenu` int(10) unsigned NOT NULL,
  `role_level` enum('admin','moderator') NOT NULL DEFAULT 'admin',
  PRIMARY KEY (`idauth`),
  KEY `idmenu` (`idmenu`)
) ENGINE=InnoDB AUTO_INCREMENT=16 DEFAULT CHARSET=utf8;

/*Data for the table `retsam_authmenu` */

insert  into `retsam_authmenu`(`idauth`,`idmenu`,`role_level`) values (1,1,'admin'),(2,2,'admin'),(3,3,'admin'),(4,4,'admin'),(5,5,'admin'),(6,6,'admin'),(7,7,'admin'),(8,8,'admin'),(9,9,'admin'),(10,10,'admin'),(12,11,'admin'),(13,12,'admin'),(14,13,'admin'),(15,14,'admin');

/*Table structure for table `retsam_menubar` */

DROP TABLE IF EXISTS `retsam_menubar`;

CREATE TABLE `retsam_menubar` (
  `idmenu` int(10) unsigned NOT NULL AUTO_INCREMENT,
  `rootmenu` enum('F','T') NOT NULL DEFAULT 'F',
  `idroot` int(10) unsigned DEFAULT NULL,
  `menu_name` varchar(100) NOT NULL,
  `menu_slug` varchar(255) NOT NULL,
  `icon` varchar(50) DEFAULT NULL,
  `ordered` int(5) unsigned DEFAULT NULL,
  PRIMARY KEY (`idmenu`)
) ENGINE=InnoDB AUTO_INCREMENT=15 DEFAULT CHARSET=utf8;

/*Data for the table `retsam_menubar` */

insert  into `retsam_menubar`(`idmenu`,`rootmenu`,`idroot`,`menu_name`,`menu_slug`,`icon`,`ordered`) values (1,'T',NULL,'Member','member/home','fa fa-user',5),(2,'T',NULL,'Article','article/home','fa fa-book',2),(3,'T',NULL,'Program','FALSE','fa fa-tasks',1),(4,'T',NULL,'Subscriber','subscribe/home','fa fa-rss',6),(5,'T',NULL,'Inbox','inbox/home','fa fa-envelope',7),(6,'T',NULL,'Homeslider','homeslider/home','fa fa-diamond',4),(7,'F',3,'Geography','geography/home','fa fa-globe',4),(8,'F',3,'Location','location/home','fa fa-map-marker',3),(9,'F',3,'Program List','program/home','fa fa-cogs',1),(10,'T',NULL,'Translation','translation/home','fa fa-language',9),(11,'T',NULL,'Partnership','partnership/home','fa fa-star',8),(12,'T',NULL,'Video About','about/home','fa fa-play',10),(13,'F',3,'Category','category/home','fa fa-database',2),(14,'T',NULL,'Stories','stories/home','fa fa-heart',3);

/*Table structure for table `sitemap_translation` */

DROP TABLE IF EXISTS `sitemap_translation`;

CREATE TABLE `sitemap_translation` (
  `sitemap_id` int(11) unsigned NOT NULL AUTO_INCREMENT,
  `language_slug` varchar(2) NOT NULL,
  `variable_sitemap` varchar(100) NOT NULL,
  `word` text NOT NULL,
  `updated` timestamp NOT NULL DEFAULT CURRENT_TIMESTAMP ON UPDATE CURRENT_TIMESTAMP,
  PRIMARY KEY (`sitemap_id`)
) ENGINE=InnoDB AUTO_INCREMENT=87 DEFAULT CHARSET=utf8;

/*Data for the table `sitemap_translation` */

insert  into `sitemap_translation`(`sitemap_id`,`language_slug`,`variable_sitemap`,`word`,`updated`) values (3,'id','contact_field_subscribe','Saya ingin berlangganan Newsletter','2017-01-05 08:24:36'),(4,'en','contact_field_subscribe','Subscribe newsletter','2017-01-05 08:24:38'),(5,'id','inbox_title_form','Mari Bekerja Bersama','2016-09-18 04:58:46'),(6,'en','inbox_title_form','LETS Work Together','2016-09-18 04:59:05'),(7,'en','inbox_required_alert','indicates required fields','2016-09-18 05:01:10'),(8,'id','inbox_required_alert','wajib diisi','2016-09-18 05:01:12'),(9,'id','sosmed_title_follow','Ikuti kami di','2016-09-18 05:02:54'),(10,'en','sosmed_title_follow','catch us on the web','2016-09-18 05:03:28'),(11,'id','readmore','selengkapnya','2016-09-18 05:04:12'),(12,'en','readmore','read more','2016-09-18 05:04:23'),(13,'id','page_program_title','Program','2017-01-05 08:40:40'),(14,'en','page_program_title','Program','2017-01-05 08:40:46'),(17,'id','detail_program_sosmed_share','Bagikan informasi ini','2016-09-18 05:10:19'),(18,'en','detail_program_sosmed_share','Share this content','2016-09-18 05:10:37'),(19,'id','contact_field_fullname','Nama Lengkap','2016-09-18 05:42:37'),(20,'en','contact_field_fullname','Full name','2016-11-03 14:11:23'),(21,'id','contact_field_message','Tulis Pesan','2016-09-18 05:43:29'),(22,'en','contact_field_message','Message','2016-09-18 05:43:48'),(23,'en','contact_field_submit','SEND','2016-09-18 05:46:30'),(24,'id','contact_field_submit','KIRIM','2016-09-18 05:46:24'),(25,'id','contact_about','Yayasan Konsevasi Alam Nusantara (YKAN) merupakan afiliasi lokal dari The Nature Conservancy (TNC), dan mendapatkan lisensi untuk menggunakan merek dan logo TNC di Indonesia. Di Indonesia, TNC telah bekerja dalam kemitraan konservasi dengan pemerintah, masyarakat dan sektor swasta selama lebih dari 25 tahun, memajukan solusi untuk perlindungan hayati, pengelolaan sumberdaya alam dan perubahan iklim untuk kepentingan masyarakat dan alam. Dengan menggunakan model-model pengelolaan sumberdaya alam yang berbasis sains, TNC memberikan solusi dalam penyusunan kebijakan dan mempengaruhi tata kerja dan kelola yang berakibat pada bertambahnya konservasi darat dan laut di Indonesia yang dikelola secara efektif.','2016-11-03 14:11:23'),(26,'en','contact_about','English TNC Lorem Ipsum is simply dummy text of the printing and typesetting industry. Lorem Ipsum has been the industry\'s standard dummy text ever since the 1500s, when an unknown printer took a galley of type and scrambled it to make a type specimen book. It has survived not only five centuries, but also the leap into electronic typesetting, remaining essentially unchanged. It was popularised in the 1960s with the release of Letraset sheets containing Lorem Ipsum passages, and more recently with desktop publishing software like Aldus PageMaker including versions of Lorem Ipsum.','2016-09-20 02:36:38'),(27,'id','title_404','Halaman Tidak Tersedia','2016-09-18 05:51:19'),(28,'en','title_404','Page Not Found','2016-09-18 05:51:33'),(29,'id','subscribe_success_duplicate','Terima kasih anda sudah melakukan subscribe','2016-09-20 22:27:43'),(30,'en','subscribe_success_duplicate','Thank your subscribe','2017-01-06 07:10:43'),(31,'id','subscribe_success','Terima kasih sudah menjadi subscriber','2016-09-20 22:00:45'),(32,'en','subscribe_success','Thank your subscribe','2016-09-20 22:01:06'),(33,'id','contact_waitinglist','Mohon tunggu, pesan Anda sebelumnya masih dalam daftar tunggu. Kami akan segera membalas pesan Anda. Terimakasih','2016-09-20 22:20:46'),(34,'en','contact_waitinglist','Mohon tunggu, pesan Anda sebelumnya masih dalam daftar tunggu. Kami akan segera membalas pesan Anda. Terimakasih','2016-09-20 22:20:50'),(35,'id','contact_success','Terima kasih, pesan anda sudah berhasil terkirim.','2016-09-20 22:21:49'),(36,'en','contact_success','Terima kasih, pesan anda sudah berhasil terkirim.','2016-09-29 12:38:19'),(37,'id','translation_404','Translation Notfound','2016-09-20 22:23:02'),(38,'en','translation_404','Translation Notfound','2016-09-20 22:23:08'),(39,'id','page_about_title','Tentang Kami','2016-09-23 13:02:56'),(40,'en','page_about_title','About Us','2017-01-05 08:01:43'),(41,'id','page_about_teaser','<h1><span>melestarikan</span> paru paru dunia.</h1> <h2 class=\"about-desc-1\">Kami bekerja dengan Anda untuk menciptakan efek positif di lebih dari 35 negara</h2> <h2 class=\"about-desc-2\">termasuk di Tanah Air kita.</h2>','2016-10-24 16:19:57'),(42,'en','page_about_teaser','<h1><span>preserve</span> the world lung.</h1> <h2 class=\"about-desc-1\">We work with you to create a positive effect in more than 35 countries</h2> <h2 class=\"about-desc-2\">included in our fatherland.</h2>','2016-10-24 16:19:57'),(43,'id','page_about_description','<h1>MELINDUNGI <span>• MENGUBAH •</span> MENGINSPIRASI</h1> <p> Sebagai negara kepulauan terbesar di dunia, laut beserta isinya merupakan sumberdaya alam yang sangat penting bagi Indonesia. Ekosistem laut tidak hanya mendukung ekonomi lokal, tetapi juga memberikan perlindungan bagi masyarakat pesisir dengan meredam energi gelombang saat badai dan merupakan area untuk berkembang bagi ikan serta kehidupan laut lainnya. </p> <p> TNC bermitra dengan pemerintah, pihak swasta, akademisi dan masyarakat dari berbagai tingkatan untuk memastikan bahwa sumberdaya alam laut Indonesia dapat terkelola dengan baik demi kesejahteraan masyarakat saat ini maupun mendatang. Kami mendorong perbaikan tata kelola, kebijakan dan pemanfaatan sumberdaya laut pada berbagai tingkatan, dari tingkat tapak hingga nasional, menyeimbangkan pembangunan dan kebutuhan konservasi. </p>','2016-10-24 16:19:57'),(44,'en','page_about_description','<h1>PROTECT <span>• TRANSFORM •</span> INSPIRE</h1> <p> As the world\'s largest archipelago, the sea and its contents is the natural resource that is essential for Indonesia. Marine ecosystems not only supports the local economy, but also provide protection for coastal communities with dampen wave energy while the storm and is the area to thrive for fish and other marine life. </p> <p> TNC partners with Government, private parties, academia and various levels of society to ensure that the natural resources of the sea of Indonesia can be managed well for the welfare of society today nor in the future. We encourage improvements to governance, policies and utilization of marine resources at various levels, from national to tread level, balancing development and conservation needs. </p>','2016-10-24 16:19:57'),(45,'id','page_mitra_alam_title','Mitra Alam','2016-09-23 13:02:56'),(46,'en','page_mitra_alam_title','Natural Partners','2017-01-07 08:46:25'),(47,'id','page_mitra_alam_description','<h1>MELINDUNGI <span>• MENGUBAH •</span> MENGINSPIRASI</h1> <p> Sebagai negara kepulauan terbesar di dunia, laut beserta isinya merupakan sumberdaya alam yang sangat penting bagi Indonesia. Ekosistem laut tidak hanya mendukung ekonomi lokal, tetapi juga memberikan perlindungan bagi masyarakat pesisir dengan meredam energi gelombang saat badai dan merupakan area untuk berkembang bagi ikan serta kehidupan laut lainnya. </p> <p> TNC bermitra dengan pemerintah, pihak swasta, akademisi dan masyarakat dari berbagai tingkatan untuk memastikan bahwa sumberdaya alam laut Indonesia dapat terkelola dengan baik demi kesejahteraan masyarakat saat ini maupun mendatang. Kami mendorong perbaikan tata kelola, kebijakan dan pemanfaatan sumberdaya laut pada berbagai tingkatan, dari tingkat tapak hingga nasional, menyeimbangkan pembangunan dan kebutuhan konservasi. </p>','2016-10-24 16:19:57'),(48,'en','page_mitra_alam_description','<h1>PROTECT <span>• TRANSFORM •</span> INSPIRE</h1> <p> As the world\'s largest archipelago, the sea and its contents is the natural resource that is essential for Indonesia. Marine ecosystems not only supports the local economy, but also provide protection for coastal communities with dampen wave energy while the storm and is the area to thrive for fish and other marine life. </p> <p> TNC partners with Government, private parties, academia and various levels of society to ensure that the natural resources of the sea of Indonesia can be managed well for the welfare of society today nor in the future. We encourage improvements to governance, policies and utilization of marine resources at various levels, from national to tread level, balancing development and conservation needs. </p>','2016-10-24 16:19:57'),(49,'id','page_term_and_condition_title','Syarat dan Ketentuan','2016-09-23 13:02:56'),(50,'en','page_term_and_condition_title','Term and Condition','2016-09-23 13:03:01'),(51,'id','page_term_and_condition_description','<h1>Syarat dan Ketentuan</h1> <p> Sebagai negara kepulauan terbesar di dunia, laut beserta isinya merupakan sumberdaya alam yang sangat penting bagi Indonesia. Ekosistem laut tidak hanya mendukung ekonomi lokal, tetapi juga memberikan perlindungan bagi masyarakat pesisir dengan meredam energi gelombang saat badai dan merupakan area untuk berkembang bagi ikan serta kehidupan laut lainnya. </p> <p> TNC bermitra dengan pemerintah, pihak swasta, akademisi dan masyarakat dari berbagai tingkatan untuk memastikan bahwa sumberdaya alam laut Indonesia dapat terkelola dengan baik demi kesejahteraan masyarakat saat ini maupun mendatang. Kami mendorong perbaikan tata kelola, kebijakan dan pemanfaatan sumberdaya laut pada berbagai tingkatan, dari tingkat tapak hingga nasional, menyeimbangkan pembangunan dan kebutuhan konservasi. </p>','2017-01-05 21:03:08'),(52,'en','page_term_and_condition_description','<h1>Term and Condition</h1> <p> As the world\'s largest archipelago, the sea and its contents is the natural resource that is essential for Indonesia. Marine ecosystems not only supports the local economy, but also provide protection for coastal communities with dampen wave energy while the storm and is the area to thrive for fish and other marine life. </p> <p> TNC partners with Government, private parties, academia and various levels of society to ensure that the natural resources of the sea of Indonesia can be managed well for the welfare of society today nor in the future. We encourage improvements to governance, policies and utilization of marine resources at various levels, from national to tread level, balancing development and conservation needs. </p>','2017-01-05 21:03:20'),(53,'id','page_article_title','Artikel','2017-01-05 08:41:31'),(54,'en','page_article_title','Article','2017-01-05 08:41:37'),(55,'id','page_media_social_title','Media Sosial','2017-01-05 08:41:38'),(56,'en','page_media_social_title','Social Media','2017-01-05 08:41:39'),(57,'id','contact_field_phone','Telepon Seluler','2017-01-05 08:07:26'),(58,'en','contact_field_phone','Phone Number','2017-01-05 08:06:03'),(59,'id','contact_field_city','Kota','2017-01-05 08:07:26'),(60,'en','contact_field_city','City','2017-01-05 08:26:56'),(61,'id','contact_field_term_and_condition','Saya sudah membaca syarat dan ketentuan','2017-01-05 08:30:04'),(62,'en','contact_field_term_and_condition','I have read term and condition','2017-01-05 08:30:12'),(63,'id','page_contact_title','Kontak Kami','2017-01-05 08:30:04'),(64,'en','page_contact_title','Contact Us','2017-01-05 08:30:12'),(65,'id','page_privacy_title','Kebijakan Privasi','2017-01-05 08:30:04'),(66,'en','page_privacy_title','Privacy Policy','2017-01-05 08:30:12'),(67,'id','page_donate_title','Donasi','2017-01-05 08:30:04'),(68,'en','page_donate_title','Donate','2017-01-05 08:30:12'),(69,'id','page_privacy_description','<h1>Kebijakan Privasi</h1> <p> Sebagai negara kepulauan terbesar di dunia, laut beserta isinya merupakan sumberdaya alam yang sangat penting bagi Indonesia. Ekosistem laut tidak hanya mendukung ekonomi lokal, tetapi juga memberikan perlindungan bagi masyarakat pesisir dengan meredam energi gelombang saat badai dan merupakan area untuk berkembang bagi ikan serta kehidupan laut lainnya. </p> <p> TNC bermitra dengan pemerintah, pihak swasta, akademisi dan masyarakat dari berbagai tingkatan untuk memastikan bahwa sumberdaya alam laut Indonesia dapat terkelola dengan baik demi kesejahteraan masyarakat saat ini maupun mendatang. Kami mendorong perbaikan tata kelola, kebijakan dan pemanfaatan sumberdaya laut pada berbagai tingkatan, dari tingkat tapak hingga nasional, menyeimbangkan pembangunan dan kebutuhan konservasi. </p>','2017-01-05 21:02:18'),(70,'en','page_privacy_description','<h1>Privacy Policy</h1> <p> As the world\'s largest archipelago, the sea and its contents is the natural resource that is essential for Indonesia. Marine ecosystems not only supports the local economy, but also provide protection for coastal communities with dampen wave energy while the storm and is the area to thrive for fish and other marine life. </p> <p> TNC partners with Government, private parties, academia and various levels of society to ensure that the natural resources of the sea of Indonesia can be managed well for the welfare of society today nor in the future. We encourage improvements to governance, policies and utilization of marine resources at various levels, from national to tread level, balancing development and conservation needs. </p>','2017-01-05 21:02:35'),(71,'id','related_title','Informasi Terkait','2017-01-06 08:31:47'),(72,'en','related_title','Related Information','2017-01-06 08:32:08'),(73,'id','author','Penulis','2017-01-06 08:40:05'),(74,'en','author','Author','2017-01-06 08:40:10'),(75,'id','featured_stories_title','Sejarah','2017-01-06 08:40:05'),(76,'en','featured_stories_title','Featured Stories','2017-01-06 08:40:10'),(77,'id','latest_news_title','Berita Terkini','2017-01-07 06:11:19'),(78,'en','latest_news_title','Latest News','2017-01-07 06:11:32'),(79,'id','most_viewed_title','Berita Terpopuler','2017-01-07 06:12:13'),(80,'en','most_viewed_title','Most Popular','2017-01-07 06:12:39'),(81,'id','modal_popup_title','Informasi','2017-01-07 06:35:35'),(82,'en','modal_popup_title','Information','2017-01-07 06:35:44'),(83,'id','facebook_like_me_title','Berikan Dukungan Anda Dengan Like Facebook Page Kami','2017-01-07 06:39:23'),(84,'en','facebook_like_me_title','SUPPORT THE CAUSE LIKE OUR FACEBOOK PAGE','2017-01-07 06:39:36'),(85,'id','twitter_follow_title','Berikan Dukungan Anda Dengan Follow Twitter Kami','2017-01-07 08:44:22'),(86,'en','twitter_follow_title','join the conversation follow us on twitter','2017-01-07 08:43:52');

/*Table structure for table `subscribe` */

DROP TABLE IF EXISTS `subscribe`;

CREATE TABLE `subscribe` (
  `subscribe_id` int(11) unsigned NOT NULL AUTO_INCREMENT,
  `email` varchar(100) NOT NULL,
  `phone` varchar(20) DEFAULT NULL,
  `city` varchar(100) DEFAULT NULL,
  `created` datetime NOT NULL,
  `updated` timestamp NOT NULL DEFAULT CURRENT_TIMESTAMP ON UPDATE CURRENT_TIMESTAMP,
  `ip` varchar(39) NOT NULL,
  `agent` text NOT NULL,
  PRIMARY KEY (`subscribe_id`),
  UNIQUE KEY `email` (`email`)
) ENGINE=InnoDB AUTO_INCREMENT=4 DEFAULT CHARSET=utf8;

/*Data for the table `subscribe` */

insert  into `subscribe`(`subscribe_id`,`email`,`phone`,`city`,`created`,`updated`,`ip`,`agent`) values (2,'email@dokter.com',NULL,NULL,'2016-09-19 07:22:42','2016-09-19 07:22:42','127.0.0.1','{\"agents\":\"Mozilla\\/5.0 (Windows NT 6.3; WOW64; rv:47.0) Gecko\\/20100101 Firefox\\/47.0\",\"platform\":\"Windows 8.1\",\"version\":\"47.0\",\"mobile\":\"\",\"robot\":\"\",\"browser\":\"Firefox\",\"languages\":[\"en-us\",\"en\"]}'),(3,'test50@admin.com','98989898','Jakarta','2017-01-07 06:34:29','2017-01-07 06:34:29','127.0.0.1','{\"agents\":\"Mozilla\\/5.0 (Windows NT 6.3; WOW64; rv:50.0) Gecko\\/20100101 Firefox\\/50.0\",\"platform\":\"Windows 8.1\",\"version\":\"50.0\",\"mobile\":\"\",\"robot\":\"\",\"browser\":\"Firefox\",\"languages\":[\"en-us\",\"en\"]}');

/*Table structure for table `video` */

DROP TABLE IF EXISTS `video`;

CREATE TABLE `video` (
  `media_id` int(11) unsigned NOT NULL AUTO_INCREMENT,
  `content_type` varchar(50) NOT NULL,
  `cover` varchar(255) NOT NULL,
  `url` varchar(255) DEFAULT NULL,
  `created` datetime NOT NULL,
  `updated` timestamp NOT NULL DEFAULT CURRENT_TIMESTAMP ON UPDATE CURRENT_TIMESTAMP,
  `created_by` int(11) unsigned NOT NULL,
  `ip` varchar(39) NOT NULL,
  PRIMARY KEY (`media_id`)
) ENGINE=InnoDB AUTO_INCREMENT=4 DEFAULT CHARSET=utf8;

/*Data for the table `video` */

insert  into `video`(`media_id`,`content_type`,`cover`,`url`,`created`,`updated`,`created_by`,`ip`) values (2,'about','fe6311fb724c7293835aba8a0652ef92.jpg','2lg-b-cU50o','2016-09-29 11:02:34','2017-01-05 07:08:15',1,'182.253.177.135');

/*!40101 SET SQL_MODE=@OLD_SQL_MODE */;
/*!40014 SET FOREIGN_KEY_CHECKS=@OLD_FOREIGN_KEY_CHECKS */;
/*!40014 SET UNIQUE_CHECKS=@OLD_UNIQUE_CHECKS */;
/*!40111 SET SQL_NOTES=@OLD_SQL_NOTES */;
